Id,BIRTHDATE,DEATHDATE,SSN,DRIVERS,PASSPORT,PREFIX,FIRST,LAST,SUFFIX,MAIDEN,MARITAL,RACE,ETHNICITY,GENDER,BIRTHPLACE,ADDRESS,CITY,STATE,COUNTY,FIPS,ZIP,LAT,LON,HEALTHCARE_EXPENSES,HEALTHCARE_COVERAGE,INCOME
a793a189-7e7f-48b6-ea63-43036cef8d3d,1998-01-20,,999-96-4656,S99996353,X72585273X,Mr.,Aubrey96,Kunde533,,,,white,nonhispanic,M,Amherst  Massachusetts  US,104 Bergstrom Corner,Lunenburg,Massachusetts,Worcester County,25027,01462,42.580801329983885,-71.7522172625248,36247.70,4865.82,48054
dabfdec7-929a-3269-fd84-ab7e6ecaa245,2000-05-09,,999-80-4324,S99931690,X5713510X,Mr.,Adolph80,Bartoletti50,,,,white,nonhispanic,M,Wrentham  Massachusetts  US,354 Tillman Orchard Unit 9,Holyoke,Massachusetts,Hampden County,25013,01040,42.163180975257255,-72.61261755680171,37564.34,0.00,44410
45aa9ffe-bb1e-c459-9f42-1944832cb8d1,1960-08-10,,999-12-5114,S99958400,X89399904X,Mrs.,Ciera654,Mohr916,,Boyle917,D,white,nonhispanic,F,Conway  Massachusetts  US,964 Heidenreich Gate Unit 39,Marshfield Hills,Massachusetts,Plymouth County,25023,02051,42.13253967463435,-70.72014561632173,296362.44,669706.08,146044
d146d332-a0a7-7923-f043-3a5461d8e77d,1985-01-06,,999-35-6701,S99927476,X5192076X,Mrs.,Bernetta267,Kassulke119,,O'Kon634,M,white,nonhispanic,F,Holyoke  Massachusetts  US,509 Hamill Byway Unit 98,Walpole,Massachusetts,Norfolk County,25021,02081,42.12498964731864,-71.24960784354776,155959.67,603164.50,775668
6252ef78-e442-3081-f63b-36435c505a7f,1992-03-14,,999-69-1046,S99982239,X26493391X,Mr.,Carter549,Haag279,,,M,white,nonhispanic,M,Uxbridge  Massachusetts  US,331 Hahn Ville Suite 17,Lawrence,Massachusetts,Essex County,25009,01843,42.67371287855897,-71.14019895885005,65255.92,14413.36,29443
c3b2e799-5291-dc30-dbfc-679181de00aa,1959-05-20,,999-25-4120,S99975093,X56160765X,Mr.,Riley817,Langosh790,,,M,white,nonhispanic,M,Worcester  Massachusetts  US,439 Yundt Well Unit 53,Hull,Massachusetts,Plymouth County,25023,02045,42.32911330105804,-70.93033893856888,121205.13,46511.10,69857
c07a6f3b-a008-257b-36bf-52faa0580281,1968-01-23,,999-78-4008,S99995369,X25172248X,Mrs.,Amiee221,Crona259,,Friesen796,M,white,hispanic,F,Somerville  Massachusetts  US,639 Wunsch Mews,Boston,Massachusetts,Suffolk County,25025,02127,42.42861558468183,-71.01775054459318,12693.62,289507.14,19296
a71c549b-c5fe-80b5-a1e8-4741bd43aeb9,2005-01-18,,999-19-6327,S99991786,,Ms.,Dottie687,Cummerata161,,,,white,nonhispanic,F,Winchendon  Massachusetts  US,561 Fahey Viaduct,Worcester,Massachusetts,Worcester County,25027,01608,42.281503996524926,-71.74693808504465,3600.00,121173.39,9433
6b7b3fc8-b581-0e0c-59f4-ffcd6337d687,1985-12-29,,999-84-5683,S99969893,X22037613X,Mr.,Mitchell808,Runolfsdottir785,,,S,white,nonhispanic,M,Salem  Massachusetts  US,699 Boehm Park,Milton,Massachusetts,Norfolk County,25021,02186,42.23130849569614,-71.0454023166622,47777.16,7414.18,58620
78a7ab19-bdd0-2238-e4e5-de757ee074d1,2002-02-23,,999-92-6054,S99971876,X25748574X,Mr.,Bryant814,Corwin846,,,,white,nonhispanic,M,Blackstone  Massachusetts  US,932 Boyer Wall Unit 71,Canton,Massachusetts,Norfolk County,,00000,42.18254368580204,-71.07680132725513,41033.33,5808.85,120596
5f8a80bc-c38c-4e5e-b8c2-08a39b3b330c,1970-09-08,,999-68-8341,S99929448,X78901799X,Mr.,Kurt412,Strosin214,,,M,asian,nonhispanic,M,Chester  Massachusetts  US,931 Ortiz Ranch,Newburyport,Massachusetts,Essex County,25009,01950,42.74612945162747,-70.89637473728821,106784.01,9735.07,86291
f86ceb29-43dd-03c5-8857-0f147d160b79,1954-04-29,,999-29-9997,S99944059,X62934240X,Mr.,Antione404,Gerhold939,,,M,black,nonhispanic,M,Worcester  Massachusetts  US,747 Pfeffer Station,Boston,Massachusetts,Suffolk County,25025,02130,42.338525111194244,-71.01640249761408,79845.19,135960.79,55822
a08c883f-bdbd-7d0b-158d-17a69e78337b,1953-07-26,,999-14-7102,S99924595,X55421392X,Mr.,Adán600,Delrío329,,,M,asian,hispanic,M,Tegucigalpa  Francisco Morazán  HN,699 Schiller Row Unit 54,Norwood,Massachusetts,Norfolk County,25021,02090,42.221580248439025,-71.18108828973683,57236.55,306623.95,53484
c2b02098-d9bf-0710-1768-b233f881db0a,1974-11-04,,999-41-3922,S99921843,X85663165X,Mrs.,Cyndy549,Sauer652,,Gusikowski974,M,white,nonhispanic,F,Boston  Massachusetts  US,224 Heaney Underpass,Wareham,Massachusetts,Plymouth County,,00000,41.794374593877734,-70.75102035705966,154081.31,896534.14,190819
f4f149b6-ac10-7ab8-ea5c-835bfcf6bafd,1949-10-02,1999-11-02,999-28-6830,S99942039,X74201622X,Ms.,Racheal820,Sauer652,,,S,white,nonhispanic,F,Monson  Massachusetts  US,846 Kunde Byway Suite 32,Lynn,Massachusetts,Essex County,25009,01901,42.462141491646136,-70.94308084019407,918514.18,944667.56,50281
bb06e6d3-d7d5-eda2-29c1-7c080a59c765,1949-10-02,2007-06-27,999-64-3562,S99981752,X9398551X,Mrs.,Gilma310,Orn563,,Wiegand701,M,white,nonhispanic,F,Lawrence  Massachusetts  US,605 Green Skyway Unit 16,Lynn,Massachusetts,Essex County,25009,01907,42.47909591353018,-70.96952886910495,656194.16,364947.76,50281
762d21a1-e1fb-f2c8-818c-af0d4f8f5aa8,1949-10-02,,999-77-2793,S99924968,X72042086X,Mrs.,Beryl690,McClure239,,Morar593,M,white,nonhispanic,F,Fall River  Massachusetts  US,152 Schimmel Viaduct Unit 75,Lynn,Massachusetts,Essex County,25009,01905,42.46711451942791,-70.9509561495117,296708.41,865942.66,50281
