,index,G,S,G_opt,R,G',Answers,Q_difficulty,framework,user,dataset,noise,V,truth,modified,tp,fp,fn,precision,recall,f1
2,2,Graph with 268 nodes and 638 edges,Graph with 6 nodes and 10 edges,Graph with 268 nodes and 638 edges,Graph with 268 nodes and 581 edges,Graph with 268 nodes and 638 edges,"[(1, 'Film'), (194, 'Character'), (0, 'Film'), (7, 'Character'), (192, 'Starship'), (8, 'Character'), 'delete', 'delete', (156, 'Species')]","[(2, 3), (2, 4), (2, 3), (2, 3), (2, 6), (2, 3), (2, 6), (2, 3), (2, 3)]",term,userRandom,sw,0,268,"{(8, 'Character'), (0, 'Film'), (95, 'Planet'), (155, 'Species'), (231, 'Starship'), (156, 'Species'), (1, 'Film'), (193, 'Vehicle'), (232, 'Starship'), (7, 'Character'), (94, 'Planet'), (192, 'Vehicle')}","{(8, 'Character'), (0, 'Film'), (116, 'Film'), (192, 'Species'), (231, 'Species'), (1, 'Film'), (7, 'Character'), (120, 'Film')}","{(8, 'Character'), (7, 'Character'), (0, 'Film'), (1, 'Film')}","{(192, 'Species'), (116, 'Film'), (231, 'Species'), (120, 'Film')}","{(95, 'Planet'), (155, 'Species'), (231, 'Starship'), (156, 'Species'), (193, 'Vehicle'), (232, 'Starship'), (94, 'Planet'), (192, 'Vehicle')}",0.5,0.3333333333333333,0.4
3,3,Graph with 268 nodes and 638 edges,Graph with 6 nodes and 10 edges,Graph with 268 nodes and 638 edges,Graph with 268 nodes and 581 edges,Graph with 268 nodes and 638 edges,"[(1, 'Film'), (0, 'Film'), (7, 'Character'), (231, 'Species'), (8, 'Character'), (192, 'Species'), (116, 'Film'), (120, 'Film')]","[(2, 5), (2, 6), (2, 5), (2, 11), (2, 6), (2, 11), (2, 6), (2, 6)]",gree,userGreedy,sw,0,268,"{(8, 'Character'), (0, 'Film'), (95, 'Planet'), (155, 'Species'), (231, 'Starship'), (156, 'Species'), (1, 'Film'), (193, 'Vehicle'), (232, 'Starship'), (7, 'Character'), (94, 'Planet'), (192, 'Vehicle')}","{(8, 'Character'), (0, 'Film'), (116, 'Film'), (192, 'Species'), (231, 'Species'), (1, 'Film'), (7, 'Character'), (120, 'Film')}","{(8, 'Character'), (7, 'Character'), (0, 'Film'), (1, 'Film')}","{(192, 'Species'), (116, 'Film'), (231, 'Species'), (120, 'Film')}","{(95, 'Planet'), (155, 'Species'), (231, 'Starship'), (156, 'Species'), (193, 'Vehicle'), (232, 'Starship'), (94, 'Planet'), (192, 'Vehicle')}",0.5,0.3333333333333333,0.4
4,4,Graph with 268 nodes and 638 edges,Graph with 6 nodes and 10 edges,Graph with 268 nodes and 638 edges,Graph with 268 nodes and 581 edges,Graph with 268 nodes and 638 edges,"[(1, 'Film'), (0, 'Film'), (7, 'Character'), (192, 'Species'), (8, 'Character'), (231, 'Species'), (116, 'Film'), (120, 'Film')]","[(2, 13), (2, 13), (2, 13), (2, 13), (2, 13), (2, 13), (2, 13), (2, 13)]",perm,userGreedy,sw,0,268,"{(8, 'Character'), (0, 'Film'), (95, 'Planet'), (155, 'Species'), (231, 'Starship'), (156, 'Species'), (1, 'Film'), (193, 'Vehicle'), (232, 'Starship'), (7, 'Character'), (94, 'Planet'), (192, 'Vehicle')}","{(8, 'Character'), (0, 'Film'), (116, 'Film'), (192, 'Species'), (231, 'Species'), (1, 'Film'), (7, 'Character'), (120, 'Film')}","{(8, 'Character'), (7, 'Character'), (0, 'Film'), (1, 'Film')}","{(192, 'Species'), (116, 'Film'), (231, 'Species'), (120, 'Film')}","{(95, 'Planet'), (155, 'Species'), (231, 'Starship'), (156, 'Species'), (193, 'Vehicle'), (232, 'Starship'), (94, 'Planet'), (192, 'Vehicle')}",0.5,0.3333333333333333,0.4
5,5,Graph with 268 nodes and 638 edges,Graph with 6 nodes and 10 edges,Graph with 268 nodes and 638 edges,Graph with 268 nodes and 581 edges,Graph with 268 nodes and 638 edges,"[(1, 'Film'), (0, 'Film'), (7, 'Character'), (192, 'Species'), (8, 'Character'), (231, 'Species'), (116, 'Film'), (120, 'Film')]","[(2, 2), (2, 4), (2, 3), (2, 6), (2, 3), (2, 6), (2, 3), (2, 3)]",term,userGreedy,sw,0,268,"{(8, 'Character'), (0, 'Film'), (95, 'Planet'), (155, 'Species'), (231, 'Starship'), (156, 'Species'), (1, 'Film'), (193, 'Vehicle'), (232, 'Starship'), (7, 'Character'), (94, 'Planet'), (192, 'Vehicle')}","{(8, 'Character'), (0, 'Film'), (116, 'Film'), (192, 'Species'), (231, 'Species'), (1, 'Film'), (7, 'Character'), (120, 'Film')}","{(8, 'Character'), (7, 'Character'), (0, 'Film'), (1, 'Film')}","{(192, 'Species'), (116, 'Film'), (231, 'Species'), (120, 'Film')}","{(95, 'Planet'), (155, 'Species'), (231, 'Starship'), (156, 'Species'), (193, 'Vehicle'), (232, 'Starship'), (94, 'Planet'), (192, 'Vehicle')}",0.5,0.3333333333333333,0.4
6,6,Graph with 268 nodes and 638 edges,Graph with 6 nodes and 10 edges,Graph with 268 nodes and 638 edges,Graph with 268 nodes and 581 edges,Graph with 268 nodes and 638 edges,"[(1, 'Film'), (0, 'Film'), (7, 'Character'), (192, 'Vehicle'), (8, 'Character'), (231, 'Starship'), (155, 'Species'), (156, 'Species')]","[(2, 5), (2, 5), (2, 6), (2, 11), (2, 6), (2, 11), (2, 6), (2, 6)]",gree,userOracle,sw,0,268,"{(8, 'Character'), (0, 'Film'), (95, 'Planet'), (155, 'Species'), (231, 'Starship'), (156, 'Species'), (1, 'Film'), (193, 'Vehicle'), (232, 'Starship'), (7, 'Character'), (94, 'Planet'), (192, 'Vehicle')}","{(8, 'Character'), (0, 'Film'), (155, 'Species'), (231, 'Starship'), (156, 'Species'), (1, 'Film'), (7, 'Character'), (192, 'Vehicle')}","{(8, 'Character'), (155, 'Species'), (231, 'Starship'), (156, 'Species'), (1, 'Film'), (7, 'Character'), (0, 'Film'), (192, 'Vehicle')}",set(),"{(193, 'Vehicle'), (95, 'Planet'), (232, 'Starship'), (94, 'Planet')}",1.0,0.6666666666666666,0.8
7,7,Graph with 268 nodes and 638 edges,Graph with 6 nodes and 10 edges,Graph with 268 nodes and 638 edges,Graph with 268 nodes and 581 edges,Graph with 268 nodes and 638 edges,"[(1, 'Film'), (0, 'Film'), (7, 'Character'), (192, 'Vehicle'), (8, 'Character'), (231, 'Starship'), (155, 'Species'), (156, 'Species')]","[(2, 13), (2, 13), (2, 13), (2, 13), (2, 13), (2, 13), (2, 13), (2, 13)]",perm,userOracle,sw,0,268,"{(8, 'Character'), (0, 'Film'), (95, 'Planet'), (155, 'Species'), (231, 'Starship'), (156, 'Species'), (1, 'Film'), (193, 'Vehicle'), (232, 'Starship'), (7, 'Character'), (94, 'Planet'), (192, 'Vehicle')}","{(8, 'Character'), (0, 'Film'), (155, 'Species'), (231, 'Starship'), (156, 'Species'), (1, 'Film'), (7, 'Character'), (192, 'Vehicle')}","{(8, 'Character'), (155, 'Species'), (231, 'Starship'), (156, 'Species'), (1, 'Film'), (7, 'Character'), (0, 'Film'), (192, 'Vehicle')}",set(),"{(193, 'Vehicle'), (95, 'Planet'), (232, 'Starship'), (94, 'Planet')}",1.0,0.6666666666666666,0.8
8,8,Graph with 268 nodes and 638 edges,Graph with 6 nodes and 10 edges,Graph with 268 nodes and 638 edges,Graph with 268 nodes and 581 edges,Graph with 268 nodes and 638 edges,"[(1, 'Film'), (0, 'Film'), (7, 'Character'), (192, 'Vehicle'), (8, 'Character'), (231, 'Starship'), (155, 'Species'), (156, 'Species')]","[(2, 3), (2, 4), (2, 3), (2, 6), (2, 3), (2, 6), (2, 3), (2, 3)]",term,userOracle,sw,0,268,"{(8, 'Character'), (0, 'Film'), (95, 'Planet'), (155, 'Species'), (231, 'Starship'), (156, 'Species'), (1, 'Film'), (193, 'Vehicle'), (232, 'Starship'), (7, 'Character'), (94, 'Planet'), (192, 'Vehicle')}","{(8, 'Character'), (0, 'Film'), (155, 'Species'), (231, 'Starship'), (156, 'Species'), (1, 'Film'), (7, 'Character'), (192, 'Vehicle')}","{(8, 'Character'), (155, 'Species'), (231, 'Starship'), (156, 'Species'), (1, 'Film'), (7, 'Character'), (0, 'Film'), (192, 'Vehicle')}",set(),"{(193, 'Vehicle'), (95, 'Planet'), (232, 'Starship'), (94, 'Planet')}",1.0,0.6666666666666666,0.8
11,2,Graph with 268 nodes and 638 edges,Graph with 6 nodes and 10 edges,Graph with 268 nodes and 638 edges,Graph with 268 nodes and 581 edges,Graph with 268 nodes and 638 edges,"[(1, 'Film'), (0, 'Planet'), (234, 'Character'), (94, 'Species'), (194, 'Film'), (95, 'Film'), (0, 'Film'), (7, 'Film'), (192, 'Species'), (7, 'Character'), (194, 'Character'), (231, 'Vehicle'), 'delete', (95, 'Vehicle'), (8, 'Planet'), (116, 'Film'), (156, 'Species')]","[(2, 3), (2, 3), (2, 4), (2, 3), (2, 5), (2, 5), (2, 4), (2, 3), (2, 6), (2, 2), (2, 6), (2, 6), (2, 3), (2, 6), (2, 3), (2, 3), (2, 3)]",term,userRandom,sw,0,268,"{(8, 'Character'), (0, 'Film'), (95, 'Planet'), (155, 'Species'), (231, 'Starship'), (156, 'Species'), (1, 'Film'), (193, 'Vehicle'), (232, 'Starship'), (7, 'Character'), (94, 'Planet'), (192, 'Vehicle')}","{(8, 'Character'), (0, 'Film'), (116, 'Film'), (192, 'Species'), (231, 'Species'), (1, 'Film'), (7, 'Character'), (120, 'Film')}","{(8, 'Character'), (7, 'Character'), (0, 'Film'), (1, 'Film')}","{(192, 'Species'), (116, 'Film'), (231, 'Species'), (120, 'Film')}","{(95, 'Planet'), (155, 'Species'), (231, 'Starship'), (156, 'Species'), (193, 'Vehicle'), (232, 'Starship'), (94, 'Planet'), (192, 'Vehicle')}",0.5,0.3333333333333333,0.4
12,3,Graph with 268 nodes and 638 edges,Graph with 6 nodes and 10 edges,Graph with 268 nodes and 638 edges,Graph with 268 nodes and 581 edges,Graph with 268 nodes and 638 edges,"[(1, 'Film'), (0, 'Film'), (7, 'Character'), (231, 'Species'), (8, 'Character'), (192, 'Species'), (116, 'Film'), (120, 'Film')]","[(2, 6), (2, 5), (2, 6), (2, 11), (2, 6), (2, 11), (2, 6), (2, 6)]",gree,userGreedy,sw,0,268,"{(8, 'Character'), (0, 'Film'), (95, 'Planet'), (155, 'Species'), (231, 'Starship'), (156, 'Species'), (1, 'Film'), (193, 'Vehicle'), (232, 'Starship'), (7, 'Character'), (94, 'Planet'), (192, 'Vehicle')}","{(8, 'Character'), (0, 'Film'), (116, 'Film'), (192, 'Species'), (231, 'Species'), (1, 'Film'), (7, 'Character'), (120, 'Film')}","{(8, 'Character'), (7, 'Character'), (0, 'Film'), (1, 'Film')}","{(192, 'Species'), (116, 'Film'), (231, 'Species'), (120, 'Film')}","{(95, 'Planet'), (155, 'Species'), (231, 'Starship'), (156, 'Species'), (193, 'Vehicle'), (232, 'Starship'), (94, 'Planet'), (192, 'Vehicle')}",0.5,0.3333333333333333,0.4
13,4,Graph with 268 nodes and 638 edges,Graph with 6 nodes and 10 edges,Graph with 268 nodes and 638 edges,Graph with 268 nodes and 581 edges,Graph with 268 nodes and 638 edges,"[(1, 'Film'), (0, 'Film'), (7, 'Character'), (231, 'Species'), (8, 'Character'), (192, 'Species'), (116, 'Film'), (120, 'Film')]","[(2, 13), (2, 13), (2, 13), (2, 13), (2, 13), (2, 13), (2, 13), (2, 13)]",perm,userGreedy,sw,0,268,"{(8, 'Character'), (0, 'Film'), (95, 'Planet'), (155, 'Species'), (231, 'Starship'), (156, 'Species'), (1, 'Film'), (193, 'Vehicle'), (232, 'Starship'), (7, 'Character'), (94, 'Planet'), (192, 'Vehicle')}","{(8, 'Character'), (0, 'Film'), (116, 'Film'), (192, 'Species'), (231, 'Species'), (1, 'Film'), (7, 'Character'), (120, 'Film')}","{(8, 'Character'), (7, 'Character'), (0, 'Film'), (1, 'Film')}","{(192, 'Species'), (116, 'Film'), (231, 'Species'), (120, 'Film')}","{(95, 'Planet'), (155, 'Species'), (231, 'Starship'), (156, 'Species'), (193, 'Vehicle'), (232, 'Starship'), (94, 'Planet'), (192, 'Vehicle')}",0.5,0.3333333333333333,0.4
14,5,Graph with 268 nodes and 638 edges,Graph with 6 nodes and 10 edges,Graph with 268 nodes and 638 edges,Graph with 268 nodes and 581 edges,Graph with 268 nodes and 638 edges,"[(1, 'Film'), (0, 'Film'), (7, 'Character'), (231, 'Species'), (8, 'Character'), (192, 'Species'), (116, 'Film'), (120, 'Film')]","[(2, 3), (2, 3), (2, 3), (2, 6), (2, 3), (2, 6), (2, 3), (2, 3)]",term,userGreedy,sw,0,268,"{(8, 'Character'), (0, 'Film'), (95, 'Planet'), (155, 'Species'), (231, 'Starship'), (156, 'Species'), (1, 'Film'), (193, 'Vehicle'), (232, 'Starship'), (7, 'Character'), (94, 'Planet'), (192, 'Vehicle')}","{(8, 'Character'), (0, 'Film'), (116, 'Film'), (192, 'Species'), (231, 'Species'), (1, 'Film'), (7, 'Character'), (120, 'Film')}","{(8, 'Character'), (7, 'Character'), (0, 'Film'), (1, 'Film')}","{(192, 'Species'), (116, 'Film'), (231, 'Species'), (120, 'Film')}","{(95, 'Planet'), (155, 'Species'), (231, 'Starship'), (156, 'Species'), (193, 'Vehicle'), (232, 'Starship'), (94, 'Planet'), (192, 'Vehicle')}",0.5,0.3333333333333333,0.4
15,6,Graph with 268 nodes and 638 edges,Graph with 6 nodes and 10 edges,Graph with 268 nodes and 638 edges,Graph with 268 nodes and 581 edges,Graph with 268 nodes and 638 edges,"[(1, 'Film'), (0, 'Film'), (7, 'Character'), (231, 'Starship'), (8, 'Character'), (192, 'Vehicle'), (155, 'Species'), (156, 'Species')]","[(2, 6), (2, 5), (2, 6), (2, 11), (2, 6), (2, 11), (2, 6), (2, 6)]",gree,userOracle,sw,0,268,"{(8, 'Character'), (0, 'Film'), (95, 'Planet'), (155, 'Species'), (231, 'Starship'), (156, 'Species'), (1, 'Film'), (193, 'Vehicle'), (232, 'Starship'), (7, 'Character'), (94, 'Planet'), (192, 'Vehicle')}","{(8, 'Character'), (0, 'Film'), (155, 'Species'), (231, 'Starship'), (156, 'Species'), (1, 'Film'), (7, 'Character'), (192, 'Vehicle')}","{(8, 'Character'), (155, 'Species'), (231, 'Starship'), (156, 'Species'), (1, 'Film'), (7, 'Character'), (0, 'Film'), (192, 'Vehicle')}",set(),"{(193, 'Vehicle'), (95, 'Planet'), (232, 'Starship'), (94, 'Planet')}",1.0,0.6666666666666666,0.8
16,7,Graph with 268 nodes and 638 edges,Graph with 6 nodes and 10 edges,Graph with 268 nodes and 638 edges,Graph with 268 nodes and 581 edges,Graph with 268 nodes and 638 edges,"[(1, 'Film'), (0, 'Film'), (7, 'Character'), (231, 'Starship'), (8, 'Character'), (192, 'Vehicle'), (155, 'Species'), (156, 'Species')]","[(2, 13), (2, 13), (2, 13), (2, 13), (2, 13), (2, 13), (2, 13), (2, 13)]",perm,userOracle,sw,0,268,"{(8, 'Character'), (0, 'Film'), (95, 'Planet'), (155, 'Species'), (231, 'Starship'), (156, 'Species'), (1, 'Film'), (193, 'Vehicle'), (232, 'Starship'), (7, 'Character'), (94, 'Planet'), (192, 'Vehicle')}","{(8, 'Character'), (0, 'Film'), (155, 'Species'), (231, 'Starship'), (156, 'Species'), (1, 'Film'), (7, 'Character'), (192, 'Vehicle')}","{(8, 'Character'), (155, 'Species'), (231, 'Starship'), (156, 'Species'), (1, 'Film'), (7, 'Character'), (0, 'Film'), (192, 'Vehicle')}",set(),"{(193, 'Vehicle'), (95, 'Planet'), (232, 'Starship'), (94, 'Planet')}",1.0,0.6666666666666666,0.8
17,8,Graph with 268 nodes and 638 edges,Graph with 6 nodes and 10 edges,Graph with 268 nodes and 638 edges,Graph with 268 nodes and 581 edges,Graph with 268 nodes and 638 edges,"[(1, 'Film'), (0, 'Film'), (7, 'Character'), (231, 'Starship'), (8, 'Character'), (192, 'Vehicle'), (155, 'Species'), (156, 'Species')]","[(2, 3), (2, 3), (2, 3), (2, 6), (2, 3), (2, 6), (2, 3), (2, 3)]",term,userOracle,sw,0,268,"{(8, 'Character'), (0, 'Film'), (95, 'Planet'), (155, 'Species'), (231, 'Starship'), (156, 'Species'), (1, 'Film'), (193, 'Vehicle'), (232, 'Starship'), (7, 'Character'), (94, 'Planet'), (192, 'Vehicle')}","{(8, 'Character'), (0, 'Film'), (155, 'Species'), (231, 'Starship'), (156, 'Species'), (1, 'Film'), (7, 'Character'), (192, 'Vehicle')}","{(8, 'Character'), (155, 'Species'), (231, 'Starship'), (156, 'Species'), (1, 'Film'), (7, 'Character'), (0, 'Film'), (192, 'Vehicle')}",set(),"{(193, 'Vehicle'), (95, 'Planet'), (232, 'Starship'), (94, 'Planet')}",1.0,0.6666666666666666,0.8
20,2,Graph with 268 nodes and 638 edges,Graph with 6 nodes and 10 edges,Graph with 268 nodes and 638 edges,Graph with 268 nodes and 581 edges,Graph with 268 nodes and 638 edges,"[(216, 'Film'), (1, 'Planet'), (1, 'Film'), (234, 'Character'), (194, 'Character'), (0, 'Film'), (7, 'Film'), 'delete', 'delete', (231, 'Planet'), 'delete', (192, 'Vehicle'), (7, 'Character'), (8, 'Character'), (216, 'Species'), 'delete', (156, 'Species')]","[(2, 4), (2, 3), (2, 3), (2, 3), (2, 4), (2, 3), (2, 4), (2, 2), (2, 2), (2, 6), (2, 2), (2, 6), (2, 2), (2, 3), (2, 6), (2, 3), (2, 3)]",term,userRandom,sw,0,268,"{(8, 'Character'), (0, 'Film'), (95, 'Planet'), (155, 'Species'), (231, 'Starship'), (156, 'Species'), (1, 'Film'), (193, 'Vehicle'), (232, 'Starship'), (7, 'Character'), (94, 'Planet'), (192, 'Vehicle')}","{(8, 'Character'), (0, 'Film'), (116, 'Film'), (192, 'Species'), (231, 'Species'), (1, 'Film'), (7, 'Character'), (120, 'Film')}","{(8, 'Character'), (7, 'Character'), (0, 'Film'), (1, 'Film')}","{(192, 'Species'), (116, 'Film'), (231, 'Species'), (120, 'Film')}","{(95, 'Planet'), (155, 'Species'), (231, 'Starship'), (156, 'Species'), (193, 'Vehicle'), (232, 'Starship'), (94, 'Planet'), (192, 'Vehicle')}",0.5,0.3333333333333333,0.4
21,3,Graph with 268 nodes and 638 edges,Graph with 6 nodes and 10 edges,Graph with 268 nodes and 638 edges,Graph with 268 nodes and 581 edges,Graph with 268 nodes and 638 edges,"[(1, 'Film'), (0, 'Film'), (7, 'Character'), (231, 'Species'), (8, 'Character'), (192, 'Species'), (116, 'Film'), (120, 'Film')]","[(2, 6), (2, 5), (2, 6), (2, 11), (2, 6), (2, 11), (2, 6), (2, 6)]",gree,userGreedy,sw,0,268,"{(8, 'Character'), (0, 'Film'), (95, 'Planet'), (155, 'Species'), (231, 'Starship'), (156, 'Species'), (1, 'Film'), (193, 'Vehicle'), (232, 'Starship'), (7, 'Character'), (94, 'Planet'), (192, 'Vehicle')}","{(8, 'Character'), (0, 'Film'), (116, 'Film'), (192, 'Species'), (231, 'Species'), (1, 'Film'), (7, 'Character'), (120, 'Film')}","{(8, 'Character'), (7, 'Character'), (0, 'Film'), (1, 'Film')}","{(192, 'Species'), (116, 'Film'), (231, 'Species'), (120, 'Film')}","{(95, 'Planet'), (155, 'Species'), (231, 'Starship'), (156, 'Species'), (193, 'Vehicle'), (232, 'Starship'), (94, 'Planet'), (192, 'Vehicle')}",0.5,0.3333333333333333,0.4
22,4,Graph with 268 nodes and 638 edges,Graph with 6 nodes and 10 edges,Graph with 268 nodes and 638 edges,Graph with 268 nodes and 581 edges,Graph with 268 nodes and 638 edges,"[(1, 'Film'), (0, 'Film'), (7, 'Character'), (231, 'Species'), (8, 'Character'), (192, 'Species'), (116, 'Film'), (120, 'Film')]","[(2, 13), (2, 13), (2, 13), (2, 13), (2, 13), (2, 13), (2, 13), (2, 13)]",perm,userGreedy,sw,0,268,"{(8, 'Character'), (0, 'Film'), (95, 'Planet'), (155, 'Species'), (231, 'Starship'), (156, 'Species'), (1, 'Film'), (193, 'Vehicle'), (232, 'Starship'), (7, 'Character'), (94, 'Planet'), (192, 'Vehicle')}","{(8, 'Character'), (0, 'Film'), (116, 'Film'), (192, 'Species'), (231, 'Species'), (1, 'Film'), (7, 'Character'), (120, 'Film')}","{(8, 'Character'), (7, 'Character'), (0, 'Film'), (1, 'Film')}","{(192, 'Species'), (116, 'Film'), (231, 'Species'), (120, 'Film')}","{(95, 'Planet'), (155, 'Species'), (231, 'Starship'), (156, 'Species'), (193, 'Vehicle'), (232, 'Starship'), (94, 'Planet'), (192, 'Vehicle')}",0.5,0.3333333333333333,0.4
23,5,Graph with 268 nodes and 638 edges,Graph with 6 nodes and 10 edges,Graph with 268 nodes and 638 edges,Graph with 268 nodes and 581 edges,Graph with 268 nodes and 638 edges,"[(1, 'Film'), (0, 'Film'), (7, 'Character'), (231, 'Species'), (8, 'Character'), (192, 'Species'), (116, 'Film'), (120, 'Film')]","[(2, 2), (2, 3), (2, 4), (2, 6), (2, 3), (2, 6), (2, 3), (2, 3)]",term,userGreedy,sw,0,268,"{(8, 'Character'), (0, 'Film'), (95, 'Planet'), (155, 'Species'), (231, 'Starship'), (156, 'Species'), (1, 'Film'), (193, 'Vehicle'), (232, 'Starship'), (7, 'Character'), (94, 'Planet'), (192, 'Vehicle')}","{(8, 'Character'), (0, 'Film'), (116, 'Film'), (192, 'Species'), (231, 'Species'), (1, 'Film'), (7, 'Character'), (120, 'Film')}","{(8, 'Character'), (7, 'Character'), (0, 'Film'), (1, 'Film')}","{(192, 'Species'), (116, 'Film'), (231, 'Species'), (120, 'Film')}","{(95, 'Planet'), (155, 'Species'), (231, 'Starship'), (156, 'Species'), (193, 'Vehicle'), (232, 'Starship'), (94, 'Planet'), (192, 'Vehicle')}",0.5,0.3333333333333333,0.4
24,6,Graph with 268 nodes and 638 edges,Graph with 6 nodes and 10 edges,Graph with 268 nodes and 638 edges,Graph with 268 nodes and 581 edges,Graph with 268 nodes and 638 edges,"[(1, 'Film'), (0, 'Film'), (7, 'Character'), (231, 'Starship'), (8, 'Character'), (192, 'Vehicle'), (155, 'Species'), (156, 'Species')]","[(2, 6), (2, 5), (2, 5), (2, 11), (2, 6), (2, 11), (2, 6), (2, 6)]",gree,userOracle,sw,0,268,"{(8, 'Character'), (0, 'Film'), (95, 'Planet'), (155, 'Species'), (231, 'Starship'), (156, 'Species'), (1, 'Film'), (193, 'Vehicle'), (232, 'Starship'), (7, 'Character'), (94, 'Planet'), (192, 'Vehicle')}","{(8, 'Character'), (0, 'Film'), (155, 'Species'), (231, 'Starship'), (156, 'Species'), (1, 'Film'), (7, 'Character'), (192, 'Vehicle')}","{(8, 'Character'), (155, 'Species'), (231, 'Starship'), (156, 'Species'), (1, 'Film'), (7, 'Character'), (0, 'Film'), (192, 'Vehicle')}",set(),"{(193, 'Vehicle'), (95, 'Planet'), (232, 'Starship'), (94, 'Planet')}",1.0,0.6666666666666666,0.8
25,7,Graph with 268 nodes and 638 edges,Graph with 6 nodes and 10 edges,Graph with 268 nodes and 638 edges,Graph with 268 nodes and 581 edges,Graph with 268 nodes and 638 edges,"[(1, 'Film'), (0, 'Film'), (7, 'Character'), (192, 'Vehicle'), (8, 'Character'), (231, 'Starship'), (155, 'Species'), (156, 'Species')]","[(2, 13), (2, 13), (2, 13), (2, 13), (2, 13), (2, 13), (2, 13), (2, 13)]",perm,userOracle,sw,0,268,"{(8, 'Character'), (0, 'Film'), (95, 'Planet'), (155, 'Species'), (231, 'Starship'), (156, 'Species'), (1, 'Film'), (193, 'Vehicle'), (232, 'Starship'), (7, 'Character'), (94, 'Planet'), (192, 'Vehicle')}","{(8, 'Character'), (0, 'Film'), (155, 'Species'), (231, 'Starship'), (156, 'Species'), (1, 'Film'), (7, 'Character'), (192, 'Vehicle')}","{(8, 'Character'), (155, 'Species'), (231, 'Starship'), (156, 'Species'), (1, 'Film'), (7, 'Character'), (0, 'Film'), (192, 'Vehicle')}",set(),"{(193, 'Vehicle'), (95, 'Planet'), (232, 'Starship'), (94, 'Planet')}",1.0,0.6666666666666666,0.8
26,8,Graph with 268 nodes and 638 edges,Graph with 6 nodes and 10 edges,Graph with 268 nodes and 638 edges,Graph with 268 nodes and 581 edges,Graph with 268 nodes and 638 edges,"[(1, 'Film'), (0, 'Film'), (7, 'Character'), (192, 'Vehicle'), (8, 'Character'), (231, 'Starship'), (155, 'Species'), (156, 'Species')]","[(2, 3), (2, 2), (2, 4), (2, 6), (2, 3), (2, 6), (2, 3), (2, 3)]",term,userOracle,sw,0,268,"{(8, 'Character'), (0, 'Film'), (95, 'Planet'), (155, 'Species'), (231, 'Starship'), (156, 'Species'), (1, 'Film'), (193, 'Vehicle'), (232, 'Starship'), (7, 'Character'), (94, 'Planet'), (192, 'Vehicle')}","{(8, 'Character'), (0, 'Film'), (155, 'Species'), (231, 'Starship'), (156, 'Species'), (1, 'Film'), (7, 'Character'), (192, 'Vehicle')}","{(8, 'Character'), (155, 'Species'), (231, 'Starship'), (156, 'Species'), (1, 'Film'), (7, 'Character'), (0, 'Film'), (192, 'Vehicle')}",set(),"{(193, 'Vehicle'), (95, 'Planet'), (232, 'Starship'), (94, 'Planet')}",1.0,0.6666666666666666,0.8
29,2,Graph with 268 nodes and 638 edges,Graph with 6 nodes and 10 edges,Graph with 268 nodes and 638 edges,Graph with 268 nodes and 581 edges,Graph with 268 nodes and 638 edges,"[(1, 'Film'), (0, 'Planet'), (0, 'Film'), 'delete', (7, 'Species'), (196, 'Planet'), (7, 'Character'), (231, 'Planet'), (8, 'Planet'), (192, 'Starship'), (8, 'Character'), 'delete', (156, 'Species')]","[(2, 3), (2, 4), (2, 4), (2, 3), (2, 3), (2, 3), (2, 2), (2, 6), (2, 3), (2, 6), (2, 3), (2, 3), (2, 3)]",term,userRandom,sw,0,268,"{(8, 'Character'), (0, 'Film'), (95, 'Planet'), (155, 'Species'), (231, 'Starship'), (156, 'Species'), (1, 'Film'), (193, 'Vehicle'), (232, 'Starship'), (7, 'Character'), (94, 'Planet'), (192, 'Vehicle')}","{(8, 'Character'), (0, 'Film'), (116, 'Film'), (192, 'Species'), (231, 'Species'), (1, 'Film'), (7, 'Character'), (120, 'Film')}","{(8, 'Character'), (7, 'Character'), (0, 'Film'), (1, 'Film')}","{(192, 'Species'), (116, 'Film'), (231, 'Species'), (120, 'Film')}","{(95, 'Planet'), (155, 'Species'), (231, 'Starship'), (156, 'Species'), (193, 'Vehicle'), (232, 'Starship'), (94, 'Planet'), (192, 'Vehicle')}",0.5,0.3333333333333333,0.4
30,3,Graph with 268 nodes and 638 edges,Graph with 6 nodes and 10 edges,Graph with 268 nodes and 638 edges,Graph with 268 nodes and 581 edges,Graph with 268 nodes and 638 edges,"[(1, 'Film'), (0, 'Film'), (7, 'Character'), (231, 'Species'), (8, 'Character'), (192, 'Species'), (116, 'Film'), (120, 'Film')]","[(2, 6), (2, 6), (2, 5), (2, 11), (2, 6), (2, 11), (2, 6), (2, 6)]",gree,userGreedy,sw,0,268,"{(8, 'Character'), (0, 'Film'), (95, 'Planet'), (155, 'Species'), (231, 'Starship'), (156, 'Species'), (1, 'Film'), (193, 'Vehicle'), (232, 'Starship'), (7, 'Character'), (94, 'Planet'), (192, 'Vehicle')}","{(8, 'Character'), (0, 'Film'), (116, 'Film'), (192, 'Species'), (231, 'Species'), (1, 'Film'), (7, 'Character'), (120, 'Film')}","{(8, 'Character'), (7, 'Character'), (0, 'Film'), (1, 'Film')}","{(192, 'Species'), (116, 'Film'), (231, 'Species'), (120, 'Film')}","{(95, 'Planet'), (155, 'Species'), (231, 'Starship'), (156, 'Species'), (193, 'Vehicle'), (232, 'Starship'), (94, 'Planet'), (192, 'Vehicle')}",0.5,0.3333333333333333,0.4
31,4,Graph with 268 nodes and 638 edges,Graph with 6 nodes and 10 edges,Graph with 268 nodes and 638 edges,Graph with 268 nodes and 581 edges,Graph with 268 nodes and 638 edges,"[(1, 'Film'), (0, 'Film'), (7, 'Character'), (231, 'Species'), (8, 'Character'), (192, 'Species'), (116, 'Film'), (120, 'Film')]","[(2, 13), (2, 13), (2, 13), (2, 13), (2, 13), (2, 13), (2, 13), (2, 13)]",perm,userGreedy,sw,0,268,"{(8, 'Character'), (0, 'Film'), (95, 'Planet'), (155, 'Species'), (231, 'Starship'), (156, 'Species'), (1, 'Film'), (193, 'Vehicle'), (232, 'Starship'), (7, 'Character'), (94, 'Planet'), (192, 'Vehicle')}","{(8, 'Character'), (0, 'Film'), (116, 'Film'), (192, 'Species'), (231, 'Species'), (1, 'Film'), (7, 'Character'), (120, 'Film')}","{(8, 'Character'), (7, 'Character'), (0, 'Film'), (1, 'Film')}","{(192, 'Species'), (116, 'Film'), (231, 'Species'), (120, 'Film')}","{(95, 'Planet'), (155, 'Species'), (231, 'Starship'), (156, 'Species'), (193, 'Vehicle'), (232, 'Starship'), (94, 'Planet'), (192, 'Vehicle')}",0.5,0.3333333333333333,0.4
32,5,Graph with 268 nodes and 638 edges,Graph with 6 nodes and 10 edges,Graph with 268 nodes and 638 edges,Graph with 268 nodes and 581 edges,Graph with 268 nodes and 638 edges,"[(1, 'Film'), (0, 'Film'), (7, 'Character'), (231, 'Species'), (8, 'Character'), (192, 'Species'), (116, 'Film'), (120, 'Film')]","[(2, 4), (2, 3), (2, 3), (2, 6), (2, 3), (2, 6), (2, 3), (2, 3)]",term,userGreedy,sw,0,268,"{(8, 'Character'), (0, 'Film'), (95, 'Planet'), (155, 'Species'), (231, 'Starship'), (156, 'Species'), (1, 'Film'), (193, 'Vehicle'), (232, 'Starship'), (7, 'Character'), (94, 'Planet'), (192, 'Vehicle')}","{(8, 'Character'), (0, 'Film'), (116, 'Film'), (192, 'Species'), (231, 'Species'), (1, 'Film'), (7, 'Character'), (120, 'Film')}","{(8, 'Character'), (7, 'Character'), (0, 'Film'), (1, 'Film')}","{(192, 'Species'), (116, 'Film'), (231, 'Species'), (120, 'Film')}","{(95, 'Planet'), (155, 'Species'), (231, 'Starship'), (156, 'Species'), (193, 'Vehicle'), (232, 'Starship'), (94, 'Planet'), (192, 'Vehicle')}",0.5,0.3333333333333333,0.4
33,6,Graph with 268 nodes and 638 edges,Graph with 6 nodes and 10 edges,Graph with 268 nodes and 638 edges,Graph with 268 nodes and 581 edges,Graph with 268 nodes and 638 edges,"[(1, 'Film'), (0, 'Film'), (7, 'Character'), (192, 'Vehicle'), (8, 'Character'), (231, 'Starship'), (155, 'Species'), (156, 'Species')]","[(2, 6), (2, 6), (2, 6), (2, 11), (2, 6), (2, 11), (2, 6), (2, 6)]",gree,userOracle,sw,0,268,"{(8, 'Character'), (0, 'Film'), (95, 'Planet'), (155, 'Species'), (231, 'Starship'), (156, 'Species'), (1, 'Film'), (193, 'Vehicle'), (232, 'Starship'), (7, 'Character'), (94, 'Planet'), (192, 'Vehicle')}","{(8, 'Character'), (0, 'Film'), (155, 'Species'), (231, 'Starship'), (156, 'Species'), (1, 'Film'), (7, 'Character'), (192, 'Vehicle')}","{(8, 'Character'), (155, 'Species'), (231, 'Starship'), (156, 'Species'), (1, 'Film'), (7, 'Character'), (0, 'Film'), (192, 'Vehicle')}",set(),"{(193, 'Vehicle'), (95, 'Planet'), (232, 'Starship'), (94, 'Planet')}",1.0,0.6666666666666666,0.8
34,7,Graph with 268 nodes and 638 edges,Graph with 6 nodes and 10 edges,Graph with 268 nodes and 638 edges,Graph with 268 nodes and 581 edges,Graph with 268 nodes and 638 edges,"[(1, 'Film'), (0, 'Film'), (7, 'Character'), (192, 'Vehicle'), (8, 'Character'), (231, 'Starship'), (155, 'Species'), (156, 'Species')]","[(2, 13), (2, 13), (2, 13), (2, 13), (2, 13), (2, 13), (2, 13), (2, 13)]",perm,userOracle,sw,0,268,"{(8, 'Character'), (0, 'Film'), (95, 'Planet'), (155, 'Species'), (231, 'Starship'), (156, 'Species'), (1, 'Film'), (193, 'Vehicle'), (232, 'Starship'), (7, 'Character'), (94, 'Planet'), (192, 'Vehicle')}","{(8, 'Character'), (0, 'Film'), (155, 'Species'), (231, 'Starship'), (156, 'Species'), (1, 'Film'), (7, 'Character'), (192, 'Vehicle')}","{(8, 'Character'), (155, 'Species'), (231, 'Starship'), (156, 'Species'), (1, 'Film'), (7, 'Character'), (0, 'Film'), (192, 'Vehicle')}",set(),"{(193, 'Vehicle'), (95, 'Planet'), (232, 'Starship'), (94, 'Planet')}",1.0,0.6666666666666666,0.8
35,8,Graph with 268 nodes and 638 edges,Graph with 6 nodes and 10 edges,Graph with 268 nodes and 638 edges,Graph with 268 nodes and 581 edges,Graph with 268 nodes and 638 edges,"[(1, 'Film'), (0, 'Film'), (7, 'Character'), (192, 'Vehicle'), (8, 'Character'), (231, 'Starship'), (155, 'Species'), (156, 'Species')]","[(2, 3), (2, 3), (2, 3), (2, 6), (2, 3), (2, 6), (2, 3), (2, 3)]",term,userOracle,sw,0,268,"{(8, 'Character'), (0, 'Film'), (95, 'Planet'), (155, 'Species'), (231, 'Starship'), (156, 'Species'), (1, 'Film'), (193, 'Vehicle'), (232, 'Starship'), (7, 'Character'), (94, 'Planet'), (192, 'Vehicle')}","{(8, 'Character'), (0, 'Film'), (155, 'Species'), (231, 'Starship'), (156, 'Species'), (1, 'Film'), (7, 'Character'), (192, 'Vehicle')}","{(8, 'Character'), (155, 'Species'), (231, 'Starship'), (156, 'Species'), (1, 'Film'), (7, 'Character'), (0, 'Film'), (192, 'Vehicle')}",set(),"{(193, 'Vehicle'), (95, 'Planet'), (232, 'Starship'), (94, 'Planet')}",1.0,0.6666666666666666,0.8
36,0,Graph with 268 nodes and 638 edges,Graph with 6 nodes and 10 edges,Graph with 268 nodes and 638 edges,Graph with 268 nodes and 581 edges,Graph with 268 nodes and 631 edges,"['delete', (258, 'Film'), 'delete', (1, 'Film'), (234, 'Character'), (189, 'Film'), (0, 'Character'), (0, 'Film'), (189, 'Planet'), (204, 'Character'), (7, 'Character'), (192, 'Planet'), (8, 'Film'), (4, 'Starship'), (4, 'Film'), (8, 'Species'), (204, 'Vehicle'), (0, 'Starship'), (190, 'Film'), (0, 'Film'), (190, 'Planet'), (231, 'Species'), (258, 'Planet'), (101, 'Species'), (155, 'Film'), (155, 'Starship'), (155, 'Species'), (156, 'Film'), (2, 'Species'), 'delete', 'delete', (2, 'Film'), 'delete', 'delete', (156, 'Starship'), 'delete']","[(2, 5), (2, 5), (2, 5), (2, 5), (2, 5), (2, 6), (2, 5), (2, 11), (2, 11), (2, 5), (2, 5), (2, 11), (2, 6), (2, 11), (2, 5), (2, 11), (2, 11), (2, 11), (2, 6), (2, 6), (2, 11), (2, 11), (2, 11), (2, 7), (2, 6), (2, 11), (2, 6), (2, 6), (2, 11), (2, 7), (2, 6), (2, 7), (2, 11), (2, 11), (2, 11), (2, 6)]",gree,userRandom,sw,0,268,"{(8, 'Character'), (0, 'Film'), (95, 'Planet'), (155, 'Species'), (231, 'Starship'), (156, 'Species'), (1, 'Film'), (193, 'Vehicle'), (232, 'Starship'), (7, 'Character'), (94, 'Planet'), (192, 'Vehicle')}","{(0, 'Film'), (8, 'Species'), (101, 'Species'), (155, 'Species'), (189, 'Planet'), (190, 'Planet'), (231, 'Species'), (1, 'Film'), (234, 'Character'), (258, 'Planet'), (7, 'Character'), (192, 'Planet')}","{(7, 'Character'), (155, 'Species'), (0, 'Film'), (1, 'Film')}","{(8, 'Species'), (101, 'Species'), (189, 'Planet'), (190, 'Planet'), (231, 'Species'), (234, 'Character'), (258, 'Planet'), (192, 'Planet')}","{(8, 'Character'), (95, 'Planet'), (231, 'Starship'), (156, 'Species'), (193, 'Vehicle'), (232, 'Starship'), (94, 'Planet'), (192, 'Vehicle')}",0.3333333333333333,0.3333333333333333,0.3333333333333333
38,2,Graph with 268 nodes and 638 edges,Graph with 6 nodes and 10 edges,Graph with 268 nodes and 638 edges,Graph with 268 nodes and 581 edges,Graph with 268 nodes and 638 edges,"['delete', (1, 'Film'), (0, 'Film'), 'delete', (7, 'Character'), (231, 'Starship'), 'delete', (192, 'Species'), (8, 'Species'), 'delete', (156, 'Species')]","[(2, 3), (2, 3), (2, 3), (2, 3), (2, 3), (2, 6), (2, 3), (2, 6), (2, 3), (2, 3), (2, 3)]",term,userRandom,sw,0,268,"{(8, 'Character'), (0, 'Film'), (95, 'Planet'), (155, 'Species'), (231, 'Starship'), (156, 'Species'), (1, 'Film'), (193, 'Vehicle'), (232, 'Starship'), (7, 'Character'), (94, 'Planet'), (192, 'Vehicle')}","{(8, 'Character'), (0, 'Film'), (116, 'Film'), (192, 'Species'), (231, 'Species'), (1, 'Film'), (7, 'Character'), (120, 'Film')}","{(8, 'Character'), (7, 'Character'), (0, 'Film'), (1, 'Film')}","{(192, 'Species'), (116, 'Film'), (231, 'Species'), (120, 'Film')}","{(95, 'Planet'), (155, 'Species'), (231, 'Starship'), (156, 'Species'), (193, 'Vehicle'), (232, 'Starship'), (94, 'Planet'), (192, 'Vehicle')}",0.5,0.3333333333333333,0.4
39,3,Graph with 268 nodes and 638 edges,Graph with 6 nodes and 10 edges,Graph with 268 nodes and 638 edges,Graph with 268 nodes and 581 edges,Graph with 268 nodes and 638 edges,"[(1, 'Film'), (0, 'Film'), (7, 'Character'), (231, 'Species'), (8, 'Character'), (192, 'Species'), (116, 'Film'), (120, 'Film')]","[(2, 6), (2, 5), (2, 5), (2, 11), (2, 6), (2, 11), (2, 6), (2, 6)]",gree,userGreedy,sw,0,268,"{(8, 'Character'), (0, 'Film'), (95, 'Planet'), (155, 'Species'), (231, 'Starship'), (156, 'Species'), (1, 'Film'), (193, 'Vehicle'), (232, 'Starship'), (7, 'Character'), (94, 'Planet'), (192, 'Vehicle')}","{(8, 'Character'), (0, 'Film'), (116, 'Film'), (192, 'Species'), (231, 'Species'), (1, 'Film'), (7, 'Character'), (120, 'Film')}","{(8, 'Character'), (7, 'Character'), (0, 'Film'), (1, 'Film')}","{(192, 'Species'), (116, 'Film'), (231, 'Species'), (120, 'Film')}","{(95, 'Planet'), (155, 'Species'), (231, 'Starship'), (156, 'Species'), (193, 'Vehicle'), (232, 'Starship'), (94, 'Planet'), (192, 'Vehicle')}",0.5,0.3333333333333333,0.4
40,4,Graph with 268 nodes and 638 edges,Graph with 6 nodes and 10 edges,Graph with 268 nodes and 638 edges,Graph with 268 nodes and 581 edges,Graph with 268 nodes and 638 edges,"[(1, 'Film'), (0, 'Film'), (7, 'Character'), (231, 'Species'), (8, 'Character'), (192, 'Species'), (116, 'Film'), (120, 'Film')]","[(2, 13), (2, 13), (2, 13), (2, 13), (2, 13), (2, 13), (2, 13), (2, 13)]",perm,userGreedy,sw,0,268,"{(8, 'Character'), (0, 'Film'), (95, 'Planet'), (155, 'Species'), (231, 'Starship'), (156, 'Species'), (1, 'Film'), (193, 'Vehicle'), (232, 'Starship'), (7, 'Character'), (94, 'Planet'), (192, 'Vehicle')}","{(8, 'Character'), (0, 'Film'), (116, 'Film'), (192, 'Species'), (231, 'Species'), (1, 'Film'), (7, 'Character'), (120, 'Film')}","{(8, 'Character'), (7, 'Character'), (0, 'Film'), (1, 'Film')}","{(192, 'Species'), (116, 'Film'), (231, 'Species'), (120, 'Film')}","{(95, 'Planet'), (155, 'Species'), (231, 'Starship'), (156, 'Species'), (193, 'Vehicle'), (232, 'Starship'), (94, 'Planet'), (192, 'Vehicle')}",0.5,0.3333333333333333,0.4
41,5,Graph with 268 nodes and 638 edges,Graph with 6 nodes and 10 edges,Graph with 268 nodes and 638 edges,Graph with 268 nodes and 581 edges,Graph with 268 nodes and 638 edges,"[(1, 'Film'), (0, 'Film'), (7, 'Character'), (192, 'Species'), (8, 'Character'), (231, 'Species'), (116, 'Film'), (120, 'Film')]","[(2, 3), (2, 3), (2, 4), (2, 6), (2, 3), (2, 6), (2, 3), (2, 3)]",term,userGreedy,sw,0,268,"{(8, 'Character'), (0, 'Film'), (95, 'Planet'), (155, 'Species'), (231, 'Starship'), (156, 'Species'), (1, 'Film'), (193, 'Vehicle'), (232, 'Starship'), (7, 'Character'), (94, 'Planet'), (192, 'Vehicle')}","{(8, 'Character'), (0, 'Film'), (116, 'Film'), (192, 'Species'), (231, 'Species'), (1, 'Film'), (7, 'Character'), (120, 'Film')}","{(8, 'Character'), (7, 'Character'), (0, 'Film'), (1, 'Film')}","{(192, 'Species'), (116, 'Film'), (231, 'Species'), (120, 'Film')}","{(95, 'Planet'), (155, 'Species'), (231, 'Starship'), (156, 'Species'), (193, 'Vehicle'), (232, 'Starship'), (94, 'Planet'), (192, 'Vehicle')}",0.5,0.3333333333333333,0.4
42,6,Graph with 268 nodes and 638 edges,Graph with 6 nodes and 10 edges,Graph with 268 nodes and 638 edges,Graph with 268 nodes and 581 edges,Graph with 268 nodes and 638 edges,"[(1, 'Film'), (0, 'Film'), (7, 'Character'), (192, 'Vehicle'), (8, 'Character'), (231, 'Starship'), (155, 'Species'), (156, 'Species')]","[(2, 5), (2, 6), (2, 6), (2, 11), (2, 6), (2, 11), (2, 6), (2, 6)]",gree,userOracle,sw,0,268,"{(8, 'Character'), (0, 'Film'), (95, 'Planet'), (155, 'Species'), (231, 'Starship'), (156, 'Species'), (1, 'Film'), (193, 'Vehicle'), (232, 'Starship'), (7, 'Character'), (94, 'Planet'), (192, 'Vehicle')}","{(8, 'Character'), (0, 'Film'), (155, 'Species'), (231, 'Starship'), (156, 'Species'), (1, 'Film'), (7, 'Character'), (192, 'Vehicle')}","{(8, 'Character'), (155, 'Species'), (231, 'Starship'), (156, 'Species'), (1, 'Film'), (7, 'Character'), (0, 'Film'), (192, 'Vehicle')}",set(),"{(193, 'Vehicle'), (95, 'Planet'), (232, 'Starship'), (94, 'Planet')}",1.0,0.6666666666666666,0.8
43,7,Graph with 268 nodes and 638 edges,Graph with 6 nodes and 10 edges,Graph with 268 nodes and 638 edges,Graph with 268 nodes and 581 edges,Graph with 268 nodes and 638 edges,"[(1, 'Film'), (0, 'Film'), (7, 'Character'), (192, 'Vehicle'), (8, 'Character'), (231, 'Starship'), (155, 'Species'), (156, 'Species')]","[(2, 13), (2, 13), (2, 13), (2, 13), (2, 13), (2, 13), (2, 13), (2, 13)]",perm,userOracle,sw,0,268,"{(8, 'Character'), (0, 'Film'), (95, 'Planet'), (155, 'Species'), (231, 'Starship'), (156, 'Species'), (1, 'Film'), (193, 'Vehicle'), (232, 'Starship'), (7, 'Character'), (94, 'Planet'), (192, 'Vehicle')}","{(8, 'Character'), (0, 'Film'), (155, 'Species'), (231, 'Starship'), (156, 'Species'), (1, 'Film'), (7, 'Character'), (192, 'Vehicle')}","{(8, 'Character'), (155, 'Species'), (231, 'Starship'), (156, 'Species'), (1, 'Film'), (7, 'Character'), (0, 'Film'), (192, 'Vehicle')}",set(),"{(193, 'Vehicle'), (95, 'Planet'), (232, 'Starship'), (94, 'Planet')}",1.0,0.6666666666666666,0.8
44,8,Graph with 268 nodes and 638 edges,Graph with 6 nodes and 10 edges,Graph with 268 nodes and 638 edges,Graph with 268 nodes and 581 edges,Graph with 268 nodes and 638 edges,"[(1, 'Film'), (0, 'Film'), (7, 'Character'), (231, 'Starship'), (8, 'Character'), (192, 'Vehicle'), (155, 'Species'), (156, 'Species')]","[(2, 3), (2, 4), (2, 4), (2, 6), (2, 3), (2, 6), (2, 3), (2, 3)]",term,userOracle,sw,0,268,"{(8, 'Character'), (0, 'Film'), (95, 'Planet'), (155, 'Species'), (231, 'Starship'), (156, 'Species'), (1, 'Film'), (193, 'Vehicle'), (232, 'Starship'), (7, 'Character'), (94, 'Planet'), (192, 'Vehicle')}","{(8, 'Character'), (0, 'Film'), (155, 'Species'), (231, 'Starship'), (156, 'Species'), (1, 'Film'), (7, 'Character'), (192, 'Vehicle')}","{(8, 'Character'), (155, 'Species'), (231, 'Starship'), (156, 'Species'), (1, 'Film'), (7, 'Character'), (0, 'Film'), (192, 'Vehicle')}",set(),"{(193, 'Vehicle'), (95, 'Planet'), (232, 'Starship'), (94, 'Planet')}",1.0,0.6666666666666666,0.8
47,2,Graph with 268 nodes and 638 edges,Graph with 6 nodes and 10 edges,Graph with 268 nodes and 638 edges,Graph with 268 nodes and 581 edges,Graph with 268 nodes and 638 edges,"['delete', (1, 'Film'), (0, 'Film'), (7, 'Film'), 'delete', 'delete', (7, 'Character'), (231, 'Character'), 'delete', (192, 'Vehicle'), 'delete', (155, 'Species'), (156, 'Species')]","[(2, 3), (2, 4), (2, 3), (2, 3), (2, 2), (2, 2), (2, 2), (2, 6), (2, 3), (2, 6), (2, 3), (2, 3), (2, 3)]",term,userRandom,sw,0,268,"{(8, 'Character'), (0, 'Film'), (95, 'Planet'), (155, 'Species'), (231, 'Starship'), (156, 'Species'), (1, 'Film'), (193, 'Vehicle'), (232, 'Starship'), (7, 'Character'), (94, 'Planet'), (192, 'Vehicle')}","{(8, 'Character'), (0, 'Film'), (116, 'Film'), (192, 'Species'), (231, 'Species'), (1, 'Film'), (7, 'Character'), (120, 'Film')}","{(8, 'Character'), (7, 'Character'), (0, 'Film'), (1, 'Film')}","{(192, 'Species'), (116, 'Film'), (231, 'Species'), (120, 'Film')}","{(95, 'Planet'), (155, 'Species'), (231, 'Starship'), (156, 'Species'), (193, 'Vehicle'), (232, 'Starship'), (94, 'Planet'), (192, 'Vehicle')}",0.5,0.3333333333333333,0.4
48,3,Graph with 268 nodes and 638 edges,Graph with 6 nodes and 10 edges,Graph with 268 nodes and 638 edges,Graph with 268 nodes and 581 edges,Graph with 268 nodes and 638 edges,"[(1, 'Film'), (0, 'Film'), (7, 'Character'), (192, 'Species'), (8, 'Character'), (231, 'Species'), (116, 'Film'), (120, 'Film')]","[(2, 6), (2, 5), (2, 6), (2, 11), (2, 6), (2, 11), (2, 6), (2, 6)]",gree,userGreedy,sw,0,268,"{(8, 'Character'), (0, 'Film'), (95, 'Planet'), (155, 'Species'), (231, 'Starship'), (156, 'Species'), (1, 'Film'), (193, 'Vehicle'), (232, 'Starship'), (7, 'Character'), (94, 'Planet'), (192, 'Vehicle')}","{(8, 'Character'), (0, 'Film'), (116, 'Film'), (192, 'Species'), (231, 'Species'), (1, 'Film'), (7, 'Character'), (120, 'Film')}","{(8, 'Character'), (7, 'Character'), (0, 'Film'), (1, 'Film')}","{(192, 'Species'), (116, 'Film'), (231, 'Species'), (120, 'Film')}","{(95, 'Planet'), (155, 'Species'), (231, 'Starship'), (156, 'Species'), (193, 'Vehicle'), (232, 'Starship'), (94, 'Planet'), (192, 'Vehicle')}",0.5,0.3333333333333333,0.4
49,4,Graph with 268 nodes and 638 edges,Graph with 6 nodes and 10 edges,Graph with 268 nodes and 638 edges,Graph with 268 nodes and 581 edges,Graph with 268 nodes and 638 edges,"[(1, 'Film'), (0, 'Film'), (7, 'Character'), (231, 'Species'), (8, 'Character'), (192, 'Species'), (116, 'Film'), (120, 'Film')]","[(2, 13), (2, 13), (2, 13), (2, 13), (2, 13), (2, 13), (2, 13), (2, 13)]",perm,userGreedy,sw,0,268,"{(8, 'Character'), (0, 'Film'), (95, 'Planet'), (155, 'Species'), (231, 'Starship'), (156, 'Species'), (1, 'Film'), (193, 'Vehicle'), (232, 'Starship'), (7, 'Character'), (94, 'Planet'), (192, 'Vehicle')}","{(8, 'Character'), (0, 'Film'), (116, 'Film'), (192, 'Species'), (231, 'Species'), (1, 'Film'), (7, 'Character'), (120, 'Film')}","{(8, 'Character'), (7, 'Character'), (0, 'Film'), (1, 'Film')}","{(192, 'Species'), (116, 'Film'), (231, 'Species'), (120, 'Film')}","{(95, 'Planet'), (155, 'Species'), (231, 'Starship'), (156, 'Species'), (193, 'Vehicle'), (232, 'Starship'), (94, 'Planet'), (192, 'Vehicle')}",0.5,0.3333333333333333,0.4
50,5,Graph with 268 nodes and 638 edges,Graph with 6 nodes and 10 edges,Graph with 268 nodes and 638 edges,Graph with 268 nodes and 581 edges,Graph with 268 nodes and 638 edges,"[(1, 'Film'), (0, 'Film'), (7, 'Character'), (192, 'Species'), (8, 'Character'), (231, 'Species'), (116, 'Film'), (120, 'Film')]","[(2, 4), (2, 3), (2, 3), (2, 6), (2, 3), (2, 6), (2, 3), (2, 3)]",term,userGreedy,sw,0,268,"{(8, 'Character'), (0, 'Film'), (95, 'Planet'), (155, 'Species'), (231, 'Starship'), (156, 'Species'), (1, 'Film'), (193, 'Vehicle'), (232, 'Starship'), (7, 'Character'), (94, 'Planet'), (192, 'Vehicle')}","{(8, 'Character'), (0, 'Film'), (116, 'Film'), (192, 'Species'), (231, 'Species'), (1, 'Film'), (7, 'Character'), (120, 'Film')}","{(8, 'Character'), (7, 'Character'), (0, 'Film'), (1, 'Film')}","{(192, 'Species'), (116, 'Film'), (231, 'Species'), (120, 'Film')}","{(95, 'Planet'), (155, 'Species'), (231, 'Starship'), (156, 'Species'), (193, 'Vehicle'), (232, 'Starship'), (94, 'Planet'), (192, 'Vehicle')}",0.5,0.3333333333333333,0.4
51,6,Graph with 268 nodes and 638 edges,Graph with 6 nodes and 10 edges,Graph with 268 nodes and 638 edges,Graph with 268 nodes and 581 edges,Graph with 268 nodes and 638 edges,"[(1, 'Film'), (0, 'Film'), (7, 'Character'), (192, 'Vehicle'), (8, 'Character'), (231, 'Starship'), (155, 'Species'), (156, 'Species')]","[(2, 6), (2, 5), (2, 5), (2, 11), (2, 6), (2, 11), (2, 6), (2, 6)]",gree,userOracle,sw,0,268,"{(8, 'Character'), (0, 'Film'), (95, 'Planet'), (155, 'Species'), (231, 'Starship'), (156, 'Species'), (1, 'Film'), (193, 'Vehicle'), (232, 'Starship'), (7, 'Character'), (94, 'Planet'), (192, 'Vehicle')}","{(8, 'Character'), (0, 'Film'), (155, 'Species'), (231, 'Starship'), (156, 'Species'), (1, 'Film'), (7, 'Character'), (192, 'Vehicle')}","{(8, 'Character'), (155, 'Species'), (231, 'Starship'), (156, 'Species'), (1, 'Film'), (7, 'Character'), (0, 'Film'), (192, 'Vehicle')}",set(),"{(193, 'Vehicle'), (95, 'Planet'), (232, 'Starship'), (94, 'Planet')}",1.0,0.6666666666666666,0.8
52,7,Graph with 268 nodes and 638 edges,Graph with 6 nodes and 10 edges,Graph with 268 nodes and 638 edges,Graph with 268 nodes and 581 edges,Graph with 268 nodes and 638 edges,"[(1, 'Film'), (0, 'Film'), (7, 'Character'), (192, 'Vehicle'), (8, 'Character'), (231, 'Starship'), (155, 'Species'), (156, 'Species')]","[(2, 13), (2, 13), (2, 13), (2, 13), (2, 13), (2, 13), (2, 13), (2, 13)]",perm,userOracle,sw,0,268,"{(8, 'Character'), (0, 'Film'), (95, 'Planet'), (155, 'Species'), (231, 'Starship'), (156, 'Species'), (1, 'Film'), (193, 'Vehicle'), (232, 'Starship'), (7, 'Character'), (94, 'Planet'), (192, 'Vehicle')}","{(8, 'Character'), (0, 'Film'), (155, 'Species'), (231, 'Starship'), (156, 'Species'), (1, 'Film'), (7, 'Character'), (192, 'Vehicle')}","{(8, 'Character'), (155, 'Species'), (231, 'Starship'), (156, 'Species'), (1, 'Film'), (7, 'Character'), (0, 'Film'), (192, 'Vehicle')}",set(),"{(193, 'Vehicle'), (95, 'Planet'), (232, 'Starship'), (94, 'Planet')}",1.0,0.6666666666666666,0.8
53,8,Graph with 268 nodes and 638 edges,Graph with 6 nodes and 10 edges,Graph with 268 nodes and 638 edges,Graph with 268 nodes and 581 edges,Graph with 268 nodes and 638 edges,"[(1, 'Film'), (0, 'Film'), (7, 'Character'), (231, 'Starship'), (8, 'Character'), (192, 'Vehicle'), (155, 'Species'), (156, 'Species')]","[(2, 3), (2, 4), (2, 3), (2, 6), (2, 3), (2, 6), (2, 3), (2, 3)]",term,userOracle,sw,0,268,"{(8, 'Character'), (0, 'Film'), (95, 'Planet'), (155, 'Species'), (231, 'Starship'), (156, 'Species'), (1, 'Film'), (193, 'Vehicle'), (232, 'Starship'), (7, 'Character'), (94, 'Planet'), (192, 'Vehicle')}","{(8, 'Character'), (0, 'Film'), (155, 'Species'), (231, 'Starship'), (156, 'Species'), (1, 'Film'), (7, 'Character'), (192, 'Vehicle')}","{(8, 'Character'), (155, 'Species'), (231, 'Starship'), (156, 'Species'), (1, 'Film'), (7, 'Character'), (0, 'Film'), (192, 'Vehicle')}",set(),"{(193, 'Vehicle'), (95, 'Planet'), (232, 'Starship'), (94, 'Planet')}",1.0,0.6666666666666666,0.8
56,2,Graph with 268 nodes and 638 edges,Graph with 6 nodes and 10 edges,Graph with 268 nodes and 638 edges,Graph with 268 nodes and 581 edges,Graph with 268 nodes and 638 edges,"[(249, 'Character'), (1, 'Film'), (0, 'Film'), 'delete', 'delete', (7, 'Species'), 'delete', 'delete', 'delete', 'delete', (231, 'Species'), (192, 'Species'), (7, 'Character'), (8, 'Character'), (155, 'Species'), (120, 'Film')]","[(2, 4), (2, 4), (2, 3), (2, 3), (2, 2), (2, 3), (2, 2), (2, 6), (2, 3), (2, 3), (2, 6), (2, 6), (2, 3), (2, 3), (2, 3), (2, 3)]",term,userRandom,sw,0,268,"{(8, 'Character'), (0, 'Film'), (95, 'Planet'), (155, 'Species'), (231, 'Starship'), (156, 'Species'), (1, 'Film'), (193, 'Vehicle'), (232, 'Starship'), (7, 'Character'), (94, 'Planet'), (192, 'Vehicle')}","{(8, 'Character'), (0, 'Film'), (116, 'Film'), (192, 'Species'), (231, 'Species'), (1, 'Film'), (7, 'Character'), (120, 'Film')}","{(8, 'Character'), (7, 'Character'), (0, 'Film'), (1, 'Film')}","{(192, 'Species'), (116, 'Film'), (231, 'Species'), (120, 'Film')}","{(95, 'Planet'), (155, 'Species'), (231, 'Starship'), (156, 'Species'), (193, 'Vehicle'), (232, 'Starship'), (94, 'Planet'), (192, 'Vehicle')}",0.5,0.3333333333333333,0.4
57,3,Graph with 268 nodes and 638 edges,Graph with 6 nodes and 10 edges,Graph with 268 nodes and 638 edges,Graph with 268 nodes and 581 edges,Graph with 268 nodes and 638 edges,"[(1, 'Film'), (0, 'Film'), (7, 'Character'), (231, 'Species'), (8, 'Character'), (192, 'Species'), (116, 'Film'), (120, 'Film')]","[(2, 6), (2, 6), (2, 6), (2, 11), (2, 6), (2, 11), (2, 6), (2, 6)]",gree,userGreedy,sw,0,268,"{(8, 'Character'), (0, 'Film'), (95, 'Planet'), (155, 'Species'), (231, 'Starship'), (156, 'Species'), (1, 'Film'), (193, 'Vehicle'), (232, 'Starship'), (7, 'Character'), (94, 'Planet'), (192, 'Vehicle')}","{(8, 'Character'), (0, 'Film'), (116, 'Film'), (192, 'Species'), (231, 'Species'), (1, 'Film'), (7, 'Character'), (120, 'Film')}","{(8, 'Character'), (7, 'Character'), (0, 'Film'), (1, 'Film')}","{(192, 'Species'), (116, 'Film'), (231, 'Species'), (120, 'Film')}","{(95, 'Planet'), (155, 'Species'), (231, 'Starship'), (156, 'Species'), (193, 'Vehicle'), (232, 'Starship'), (94, 'Planet'), (192, 'Vehicle')}",0.5,0.3333333333333333,0.4
58,4,Graph with 268 nodes and 638 edges,Graph with 6 nodes and 10 edges,Graph with 268 nodes and 638 edges,Graph with 268 nodes and 581 edges,Graph with 268 nodes and 638 edges,"[(1, 'Film'), (0, 'Film'), (7, 'Character'), (231, 'Species'), (8, 'Character'), (192, 'Species'), (116, 'Film'), (120, 'Film')]","[(2, 13), (2, 13), (2, 13), (2, 13), (2, 13), (2, 13), (2, 13), (2, 13)]",perm,userGreedy,sw,0,268,"{(8, 'Character'), (0, 'Film'), (95, 'Planet'), (155, 'Species'), (231, 'Starship'), (156, 'Species'), (1, 'Film'), (193, 'Vehicle'), (232, 'Starship'), (7, 'Character'), (94, 'Planet'), (192, 'Vehicle')}","{(8, 'Character'), (0, 'Film'), (116, 'Film'), (192, 'Species'), (231, 'Species'), (1, 'Film'), (7, 'Character'), (120, 'Film')}","{(8, 'Character'), (7, 'Character'), (0, 'Film'), (1, 'Film')}","{(192, 'Species'), (116, 'Film'), (231, 'Species'), (120, 'Film')}","{(95, 'Planet'), (155, 'Species'), (231, 'Starship'), (156, 'Species'), (193, 'Vehicle'), (232, 'Starship'), (94, 'Planet'), (192, 'Vehicle')}",0.5,0.3333333333333333,0.4
59,5,Graph with 268 nodes and 638 edges,Graph with 6 nodes and 10 edges,Graph with 268 nodes and 638 edges,Graph with 268 nodes and 581 edges,Graph with 268 nodes and 638 edges,"[(1, 'Film'), (0, 'Film'), (7, 'Character'), (231, 'Species'), (8, 'Character'), (192, 'Species'), (116, 'Film'), (120, 'Film')]","[(2, 4), (2, 3), (2, 3), (2, 6), (2, 3), (2, 6), (2, 3), (2, 3)]",term,userGreedy,sw,0,268,"{(8, 'Character'), (0, 'Film'), (95, 'Planet'), (155, 'Species'), (231, 'Starship'), (156, 'Species'), (1, 'Film'), (193, 'Vehicle'), (232, 'Starship'), (7, 'Character'), (94, 'Planet'), (192, 'Vehicle')}","{(8, 'Character'), (0, 'Film'), (116, 'Film'), (192, 'Species'), (231, 'Species'), (1, 'Film'), (7, 'Character'), (120, 'Film')}","{(8, 'Character'), (7, 'Character'), (0, 'Film'), (1, 'Film')}","{(192, 'Species'), (116, 'Film'), (231, 'Species'), (120, 'Film')}","{(95, 'Planet'), (155, 'Species'), (231, 'Starship'), (156, 'Species'), (193, 'Vehicle'), (232, 'Starship'), (94, 'Planet'), (192, 'Vehicle')}",0.5,0.3333333333333333,0.4
60,6,Graph with 268 nodes and 638 edges,Graph with 6 nodes and 10 edges,Graph with 268 nodes and 638 edges,Graph with 268 nodes and 581 edges,Graph with 268 nodes and 638 edges,"[(1, 'Film'), (0, 'Film'), (7, 'Character'), (231, 'Starship'), (8, 'Character'), (192, 'Vehicle'), (155, 'Species'), (156, 'Species')]","[(2, 6), (2, 5), (2, 5), (2, 11), (2, 6), (2, 11), (2, 6), (2, 6)]",gree,userOracle,sw,0,268,"{(8, 'Character'), (0, 'Film'), (95, 'Planet'), (155, 'Species'), (231, 'Starship'), (156, 'Species'), (1, 'Film'), (193, 'Vehicle'), (232, 'Starship'), (7, 'Character'), (94, 'Planet'), (192, 'Vehicle')}","{(8, 'Character'), (0, 'Film'), (155, 'Species'), (231, 'Starship'), (156, 'Species'), (1, 'Film'), (7, 'Character'), (192, 'Vehicle')}","{(8, 'Character'), (155, 'Species'), (231, 'Starship'), (156, 'Species'), (1, 'Film'), (7, 'Character'), (0, 'Film'), (192, 'Vehicle')}",set(),"{(193, 'Vehicle'), (95, 'Planet'), (232, 'Starship'), (94, 'Planet')}",1.0,0.6666666666666666,0.8
61,7,Graph with 268 nodes and 638 edges,Graph with 6 nodes and 10 edges,Graph with 268 nodes and 638 edges,Graph with 268 nodes and 581 edges,Graph with 268 nodes and 638 edges,"[(1, 'Film'), (0, 'Film'), (7, 'Character'), (231, 'Starship'), (8, 'Character'), (192, 'Vehicle'), (155, 'Species'), (156, 'Species')]","[(2, 13), (2, 13), (2, 13), (2, 13), (2, 13), (2, 13), (2, 13), (2, 13)]",perm,userOracle,sw,0,268,"{(8, 'Character'), (0, 'Film'), (95, 'Planet'), (155, 'Species'), (231, 'Starship'), (156, 'Species'), (1, 'Film'), (193, 'Vehicle'), (232, 'Starship'), (7, 'Character'), (94, 'Planet'), (192, 'Vehicle')}","{(8, 'Character'), (0, 'Film'), (155, 'Species'), (231, 'Starship'), (156, 'Species'), (1, 'Film'), (7, 'Character'), (192, 'Vehicle')}","{(8, 'Character'), (155, 'Species'), (231, 'Starship'), (156, 'Species'), (1, 'Film'), (7, 'Character'), (0, 'Film'), (192, 'Vehicle')}",set(),"{(193, 'Vehicle'), (95, 'Planet'), (232, 'Starship'), (94, 'Planet')}",1.0,0.6666666666666666,0.8
62,8,Graph with 268 nodes and 638 edges,Graph with 6 nodes and 10 edges,Graph with 268 nodes and 638 edges,Graph with 268 nodes and 581 edges,Graph with 268 nodes and 638 edges,"[(1, 'Film'), (0, 'Film'), (7, 'Character'), (192, 'Vehicle'), (8, 'Character'), (231, 'Starship'), (155, 'Species'), (156, 'Species')]","[(2, 3), (2, 2), (2, 4), (2, 6), (2, 3), (2, 6), (2, 3), (2, 3)]",term,userOracle,sw,0,268,"{(8, 'Character'), (0, 'Film'), (95, 'Planet'), (155, 'Species'), (231, 'Starship'), (156, 'Species'), (1, 'Film'), (193, 'Vehicle'), (232, 'Starship'), (7, 'Character'), (94, 'Planet'), (192, 'Vehicle')}","{(8, 'Character'), (0, 'Film'), (155, 'Species'), (231, 'Starship'), (156, 'Species'), (1, 'Film'), (7, 'Character'), (192, 'Vehicle')}","{(8, 'Character'), (155, 'Species'), (231, 'Starship'), (156, 'Species'), (1, 'Film'), (7, 'Character'), (0, 'Film'), (192, 'Vehicle')}",set(),"{(193, 'Vehicle'), (95, 'Planet'), (232, 'Starship'), (94, 'Planet')}",1.0,0.6666666666666666,0.8
65,2,Graph with 268 nodes and 638 edges,Graph with 6 nodes and 10 edges,Graph with 268 nodes and 638 edges,Graph with 268 nodes and 581 edges,Graph with 268 nodes and 638 edges,"['delete', (216, 'Film'), (1, 'Film'), 'delete', 'delete', (0, 'Film'), (7, 'Film'), (7, 'Character'), (231, 'Species'), (216, 'Starship'), (8, 'Character'), (192, 'Vehicle'), (116, 'Film'), 'delete']","[(2, 4), (2, 4), (2, 2), (2, 3), (2, 3), (2, 3), (2, 3), (2, 2), (2, 6), (2, 6), (2, 3), (2, 6), (2, 3), (2, 3)]",term,userRandom,sw,0,268,"{(8, 'Character'), (0, 'Film'), (95, 'Planet'), (155, 'Species'), (231, 'Starship'), (156, 'Species'), (1, 'Film'), (193, 'Vehicle'), (232, 'Starship'), (7, 'Character'), (94, 'Planet'), (192, 'Vehicle')}","{(8, 'Character'), (0, 'Film'), (116, 'Film'), (192, 'Species'), (231, 'Species'), (1, 'Film'), (7, 'Character'), (120, 'Film')}","{(8, 'Character'), (7, 'Character'), (0, 'Film'), (1, 'Film')}","{(192, 'Species'), (116, 'Film'), (231, 'Species'), (120, 'Film')}","{(95, 'Planet'), (155, 'Species'), (231, 'Starship'), (156, 'Species'), (193, 'Vehicle'), (232, 'Starship'), (94, 'Planet'), (192, 'Vehicle')}",0.5,0.3333333333333333,0.4
66,3,Graph with 268 nodes and 638 edges,Graph with 6 nodes and 10 edges,Graph with 268 nodes and 638 edges,Graph with 268 nodes and 581 edges,Graph with 268 nodes and 638 edges,"[(1, 'Film'), (0, 'Film'), (7, 'Character'), (231, 'Species'), (8, 'Character'), (192, 'Species'), (116, 'Film'), (120, 'Film')]","[(2, 5), (2, 5), (2, 6), (2, 11), (2, 6), (2, 11), (2, 6), (2, 6)]",gree,userGreedy,sw,0,268,"{(8, 'Character'), (0, 'Film'), (95, 'Planet'), (155, 'Species'), (231, 'Starship'), (156, 'Species'), (1, 'Film'), (193, 'Vehicle'), (232, 'Starship'), (7, 'Character'), (94, 'Planet'), (192, 'Vehicle')}","{(8, 'Character'), (0, 'Film'), (116, 'Film'), (192, 'Species'), (231, 'Species'), (1, 'Film'), (7, 'Character'), (120, 'Film')}","{(8, 'Character'), (7, 'Character'), (0, 'Film'), (1, 'Film')}","{(192, 'Species'), (116, 'Film'), (231, 'Species'), (120, 'Film')}","{(95, 'Planet'), (155, 'Species'), (231, 'Starship'), (156, 'Species'), (193, 'Vehicle'), (232, 'Starship'), (94, 'Planet'), (192, 'Vehicle')}",0.5,0.3333333333333333,0.4
67,4,Graph with 268 nodes and 638 edges,Graph with 6 nodes and 10 edges,Graph with 268 nodes and 638 edges,Graph with 268 nodes and 581 edges,Graph with 268 nodes and 638 edges,"[(1, 'Film'), (0, 'Film'), (7, 'Character'), (192, 'Species'), (8, 'Character'), (231, 'Species'), (116, 'Film'), (120, 'Film')]","[(2, 13), (2, 13), (2, 13), (2, 13), (2, 13), (2, 13), (2, 13), (2, 13)]",perm,userGreedy,sw,0,268,"{(8, 'Character'), (0, 'Film'), (95, 'Planet'), (155, 'Species'), (231, 'Starship'), (156, 'Species'), (1, 'Film'), (193, 'Vehicle'), (232, 'Starship'), (7, 'Character'), (94, 'Planet'), (192, 'Vehicle')}","{(8, 'Character'), (0, 'Film'), (116, 'Film'), (192, 'Species'), (231, 'Species'), (1, 'Film'), (7, 'Character'), (120, 'Film')}","{(8, 'Character'), (7, 'Character'), (0, 'Film'), (1, 'Film')}","{(192, 'Species'), (116, 'Film'), (231, 'Species'), (120, 'Film')}","{(95, 'Planet'), (155, 'Species'), (231, 'Starship'), (156, 'Species'), (193, 'Vehicle'), (232, 'Starship'), (94, 'Planet'), (192, 'Vehicle')}",0.5,0.3333333333333333,0.4
68,5,Graph with 268 nodes and 638 edges,Graph with 6 nodes and 10 edges,Graph with 268 nodes and 638 edges,Graph with 268 nodes and 581 edges,Graph with 268 nodes and 638 edges,"[(1, 'Film'), (0, 'Film'), (7, 'Character'), (231, 'Species'), (8, 'Character'), (192, 'Species'), (116, 'Film'), (120, 'Film')]","[(2, 4), (2, 3), (2, 3), (2, 6), (2, 3), (2, 6), (2, 3), (2, 3)]",term,userGreedy,sw,0,268,"{(8, 'Character'), (0, 'Film'), (95, 'Planet'), (155, 'Species'), (231, 'Starship'), (156, 'Species'), (1, 'Film'), (193, 'Vehicle'), (232, 'Starship'), (7, 'Character'), (94, 'Planet'), (192, 'Vehicle')}","{(8, 'Character'), (0, 'Film'), (116, 'Film'), (192, 'Species'), (231, 'Species'), (1, 'Film'), (7, 'Character'), (120, 'Film')}","{(8, 'Character'), (7, 'Character'), (0, 'Film'), (1, 'Film')}","{(192, 'Species'), (116, 'Film'), (231, 'Species'), (120, 'Film')}","{(95, 'Planet'), (155, 'Species'), (231, 'Starship'), (156, 'Species'), (193, 'Vehicle'), (232, 'Starship'), (94, 'Planet'), (192, 'Vehicle')}",0.5,0.3333333333333333,0.4
69,6,Graph with 268 nodes and 638 edges,Graph with 6 nodes and 10 edges,Graph with 268 nodes and 638 edges,Graph with 268 nodes and 581 edges,Graph with 268 nodes and 638 edges,"[(1, 'Film'), (0, 'Film'), (7, 'Character'), (231, 'Starship'), (8, 'Character'), (192, 'Vehicle'), (155, 'Species'), (156, 'Species')]","[(2, 6), (2, 5), (2, 5), (2, 11), (2, 6), (2, 11), (2, 6), (2, 6)]",gree,userOracle,sw,0,268,"{(8, 'Character'), (0, 'Film'), (95, 'Planet'), (155, 'Species'), (231, 'Starship'), (156, 'Species'), (1, 'Film'), (193, 'Vehicle'), (232, 'Starship'), (7, 'Character'), (94, 'Planet'), (192, 'Vehicle')}","{(8, 'Character'), (0, 'Film'), (155, 'Species'), (231, 'Starship'), (156, 'Species'), (1, 'Film'), (7, 'Character'), (192, 'Vehicle')}","{(8, 'Character'), (155, 'Species'), (231, 'Starship'), (156, 'Species'), (1, 'Film'), (7, 'Character'), (0, 'Film'), (192, 'Vehicle')}",set(),"{(193, 'Vehicle'), (95, 'Planet'), (232, 'Starship'), (94, 'Planet')}",1.0,0.6666666666666666,0.8
70,7,Graph with 268 nodes and 638 edges,Graph with 6 nodes and 10 edges,Graph with 268 nodes and 638 edges,Graph with 268 nodes and 581 edges,Graph with 268 nodes and 638 edges,"[(1, 'Film'), (0, 'Film'), (7, 'Character'), (192, 'Vehicle'), (8, 'Character'), (231, 'Starship'), (155, 'Species'), (156, 'Species')]","[(2, 13), (2, 13), (2, 13), (2, 13), (2, 13), (2, 13), (2, 13), (2, 13)]",perm,userOracle,sw,0,268,"{(8, 'Character'), (0, 'Film'), (95, 'Planet'), (155, 'Species'), (231, 'Starship'), (156, 'Species'), (1, 'Film'), (193, 'Vehicle'), (232, 'Starship'), (7, 'Character'), (94, 'Planet'), (192, 'Vehicle')}","{(8, 'Character'), (0, 'Film'), (155, 'Species'), (231, 'Starship'), (156, 'Species'), (1, 'Film'), (7, 'Character'), (192, 'Vehicle')}","{(8, 'Character'), (155, 'Species'), (231, 'Starship'), (156, 'Species'), (1, 'Film'), (7, 'Character'), (0, 'Film'), (192, 'Vehicle')}",set(),"{(193, 'Vehicle'), (95, 'Planet'), (232, 'Starship'), (94, 'Planet')}",1.0,0.6666666666666666,0.8
71,8,Graph with 268 nodes and 638 edges,Graph with 6 nodes and 10 edges,Graph with 268 nodes and 638 edges,Graph with 268 nodes and 581 edges,Graph with 268 nodes and 638 edges,"[(1, 'Film'), (0, 'Film'), (7, 'Character'), (192, 'Vehicle'), (8, 'Character'), (231, 'Starship'), (155, 'Species'), (156, 'Species')]","[(2, 2), (2, 3), (2, 3), (2, 6), (2, 3), (2, 6), (2, 3), (2, 3)]",term,userOracle,sw,0,268,"{(8, 'Character'), (0, 'Film'), (95, 'Planet'), (155, 'Species'), (231, 'Starship'), (156, 'Species'), (1, 'Film'), (193, 'Vehicle'), (232, 'Starship'), (7, 'Character'), (94, 'Planet'), (192, 'Vehicle')}","{(8, 'Character'), (0, 'Film'), (155, 'Species'), (231, 'Starship'), (156, 'Species'), (1, 'Film'), (7, 'Character'), (192, 'Vehicle')}","{(8, 'Character'), (155, 'Species'), (231, 'Starship'), (156, 'Species'), (1, 'Film'), (7, 'Character'), (0, 'Film'), (192, 'Vehicle')}",set(),"{(193, 'Vehicle'), (95, 'Planet'), (232, 'Starship'), (94, 'Planet')}",1.0,0.6666666666666666,0.8
74,2,Graph with 268 nodes and 638 edges,Graph with 6 nodes and 10 edges,Graph with 268 nodes and 638 edges,Graph with 268 nodes and 581 edges,Graph with 268 nodes and 638 edges,"[(1, 'Film'), (0, 'Film'), 'delete', (7, 'Character'), (231, 'Planet'), (8, 'Species'), (192, 'Character'), (189, 'Planet'), 'delete', (120, 'Film')]","[(2, 3), (2, 3), (2, 3), (2, 2), (2, 6), (2, 3), (2, 6), (2, 3), (2, 3), (2, 3)]",term,userRandom,sw,0,268,"{(8, 'Character'), (0, 'Film'), (95, 'Planet'), (155, 'Species'), (231, 'Starship'), (156, 'Species'), (1, 'Film'), (193, 'Vehicle'), (232, 'Starship'), (7, 'Character'), (94, 'Planet'), (192, 'Vehicle')}","{(8, 'Character'), (0, 'Film'), (116, 'Film'), (192, 'Species'), (231, 'Species'), (1, 'Film'), (7, 'Character'), (120, 'Film')}","{(8, 'Character'), (7, 'Character'), (0, 'Film'), (1, 'Film')}","{(192, 'Species'), (116, 'Film'), (231, 'Species'), (120, 'Film')}","{(95, 'Planet'), (155, 'Species'), (231, 'Starship'), (156, 'Species'), (193, 'Vehicle'), (232, 'Starship'), (94, 'Planet'), (192, 'Vehicle')}",0.5,0.3333333333333333,0.4
75,3,Graph with 268 nodes and 638 edges,Graph with 6 nodes and 10 edges,Graph with 268 nodes and 638 edges,Graph with 268 nodes and 581 edges,Graph with 268 nodes and 638 edges,"[(1, 'Film'), (0, 'Film'), (7, 'Character'), (231, 'Species'), (8, 'Character'), (192, 'Species'), (116, 'Film'), (120, 'Film')]","[(2, 6), (2, 5), (2, 6), (2, 11), (2, 6), (2, 11), (2, 6), (2, 6)]",gree,userGreedy,sw,0,268,"{(8, 'Character'), (0, 'Film'), (95, 'Planet'), (155, 'Species'), (231, 'Starship'), (156, 'Species'), (1, 'Film'), (193, 'Vehicle'), (232, 'Starship'), (7, 'Character'), (94, 'Planet'), (192, 'Vehicle')}","{(8, 'Character'), (0, 'Film'), (116, 'Film'), (192, 'Species'), (231, 'Species'), (1, 'Film'), (7, 'Character'), (120, 'Film')}","{(8, 'Character'), (7, 'Character'), (0, 'Film'), (1, 'Film')}","{(192, 'Species'), (116, 'Film'), (231, 'Species'), (120, 'Film')}","{(95, 'Planet'), (155, 'Species'), (231, 'Starship'), (156, 'Species'), (193, 'Vehicle'), (232, 'Starship'), (94, 'Planet'), (192, 'Vehicle')}",0.5,0.3333333333333333,0.4
76,4,Graph with 268 nodes and 638 edges,Graph with 6 nodes and 10 edges,Graph with 268 nodes and 638 edges,Graph with 268 nodes and 581 edges,Graph with 268 nodes and 638 edges,"[(1, 'Film'), (0, 'Film'), (7, 'Character'), (231, 'Species'), (8, 'Character'), (192, 'Species'), (116, 'Film'), (120, 'Film')]","[(2, 13), (2, 13), (2, 13), (2, 13), (2, 13), (2, 13), (2, 13), (2, 13)]",perm,userGreedy,sw,0,268,"{(8, 'Character'), (0, 'Film'), (95, 'Planet'), (155, 'Species'), (231, 'Starship'), (156, 'Species'), (1, 'Film'), (193, 'Vehicle'), (232, 'Starship'), (7, 'Character'), (94, 'Planet'), (192, 'Vehicle')}","{(8, 'Character'), (0, 'Film'), (116, 'Film'), (192, 'Species'), (231, 'Species'), (1, 'Film'), (7, 'Character'), (120, 'Film')}","{(8, 'Character'), (7, 'Character'), (0, 'Film'), (1, 'Film')}","{(192, 'Species'), (116, 'Film'), (231, 'Species'), (120, 'Film')}","{(95, 'Planet'), (155, 'Species'), (231, 'Starship'), (156, 'Species'), (193, 'Vehicle'), (232, 'Starship'), (94, 'Planet'), (192, 'Vehicle')}",0.5,0.3333333333333333,0.4
77,5,Graph with 268 nodes and 638 edges,Graph with 6 nodes and 10 edges,Graph with 268 nodes and 638 edges,Graph with 268 nodes and 581 edges,Graph with 268 nodes and 638 edges,"[(1, 'Film'), (0, 'Film'), (7, 'Character'), (192, 'Species'), (8, 'Character'), (231, 'Species'), (116, 'Film'), (120, 'Film')]","[(2, 3), (2, 3), (2, 4), (2, 6), (2, 3), (2, 6), (2, 3), (2, 3)]",term,userGreedy,sw,0,268,"{(8, 'Character'), (0, 'Film'), (95, 'Planet'), (155, 'Species'), (231, 'Starship'), (156, 'Species'), (1, 'Film'), (193, 'Vehicle'), (232, 'Starship'), (7, 'Character'), (94, 'Planet'), (192, 'Vehicle')}","{(8, 'Character'), (0, 'Film'), (116, 'Film'), (192, 'Species'), (231, 'Species'), (1, 'Film'), (7, 'Character'), (120, 'Film')}","{(8, 'Character'), (7, 'Character'), (0, 'Film'), (1, 'Film')}","{(192, 'Species'), (116, 'Film'), (231, 'Species'), (120, 'Film')}","{(95, 'Planet'), (155, 'Species'), (231, 'Starship'), (156, 'Species'), (193, 'Vehicle'), (232, 'Starship'), (94, 'Planet'), (192, 'Vehicle')}",0.5,0.3333333333333333,0.4
78,6,Graph with 268 nodes and 638 edges,Graph with 6 nodes and 10 edges,Graph with 268 nodes and 638 edges,Graph with 268 nodes and 581 edges,Graph with 268 nodes and 638 edges,"[(1, 'Film'), (0, 'Film'), (7, 'Character'), (231, 'Starship'), (8, 'Character'), (192, 'Vehicle'), (155, 'Species'), (156, 'Species')]","[(2, 6), (2, 5), (2, 5), (2, 11), (2, 6), (2, 11), (2, 6), (2, 6)]",gree,userOracle,sw,0,268,"{(8, 'Character'), (0, 'Film'), (95, 'Planet'), (155, 'Species'), (231, 'Starship'), (156, 'Species'), (1, 'Film'), (193, 'Vehicle'), (232, 'Starship'), (7, 'Character'), (94, 'Planet'), (192, 'Vehicle')}","{(8, 'Character'), (0, 'Film'), (155, 'Species'), (231, 'Starship'), (156, 'Species'), (1, 'Film'), (7, 'Character'), (192, 'Vehicle')}","{(8, 'Character'), (155, 'Species'), (231, 'Starship'), (156, 'Species'), (1, 'Film'), (7, 'Character'), (0, 'Film'), (192, 'Vehicle')}",set(),"{(193, 'Vehicle'), (95, 'Planet'), (232, 'Starship'), (94, 'Planet')}",1.0,0.6666666666666666,0.8
79,7,Graph with 268 nodes and 638 edges,Graph with 6 nodes and 10 edges,Graph with 268 nodes and 638 edges,Graph with 268 nodes and 581 edges,Graph with 268 nodes and 638 edges,"[(1, 'Film'), (0, 'Film'), (7, 'Character'), (192, 'Vehicle'), (8, 'Character'), (231, 'Starship'), (155, 'Species'), (156, 'Species')]","[(2, 13), (2, 13), (2, 13), (2, 13), (2, 13), (2, 13), (2, 13), (2, 13)]",perm,userOracle,sw,0,268,"{(8, 'Character'), (0, 'Film'), (95, 'Planet'), (155, 'Species'), (231, 'Starship'), (156, 'Species'), (1, 'Film'), (193, 'Vehicle'), (232, 'Starship'), (7, 'Character'), (94, 'Planet'), (192, 'Vehicle')}","{(8, 'Character'), (0, 'Film'), (155, 'Species'), (231, 'Starship'), (156, 'Species'), (1, 'Film'), (7, 'Character'), (192, 'Vehicle')}","{(8, 'Character'), (155, 'Species'), (231, 'Starship'), (156, 'Species'), (1, 'Film'), (7, 'Character'), (0, 'Film'), (192, 'Vehicle')}",set(),"{(193, 'Vehicle'), (95, 'Planet'), (232, 'Starship'), (94, 'Planet')}",1.0,0.6666666666666666,0.8
80,8,Graph with 268 nodes and 638 edges,Graph with 6 nodes and 10 edges,Graph with 268 nodes and 638 edges,Graph with 268 nodes and 581 edges,Graph with 268 nodes and 638 edges,"[(1, 'Film'), (0, 'Film'), (7, 'Character'), (231, 'Starship'), (8, 'Character'), (192, 'Vehicle'), (155, 'Species'), (156, 'Species')]","[(2, 3), (2, 3), (2, 3), (2, 6), (2, 3), (2, 6), (2, 3), (2, 3)]",term,userOracle,sw,0,268,"{(8, 'Character'), (0, 'Film'), (95, 'Planet'), (155, 'Species'), (231, 'Starship'), (156, 'Species'), (1, 'Film'), (193, 'Vehicle'), (232, 'Starship'), (7, 'Character'), (94, 'Planet'), (192, 'Vehicle')}","{(8, 'Character'), (0, 'Film'), (155, 'Species'), (231, 'Starship'), (156, 'Species'), (1, 'Film'), (7, 'Character'), (192, 'Vehicle')}","{(8, 'Character'), (155, 'Species'), (231, 'Starship'), (156, 'Species'), (1, 'Film'), (7, 'Character'), (0, 'Film'), (192, 'Vehicle')}",set(),"{(193, 'Vehicle'), (95, 'Planet'), (232, 'Starship'), (94, 'Planet')}",1.0,0.6666666666666666,0.8
83,2,Graph with 268 nodes and 638 edges,Graph with 6 nodes and 10 edges,Graph with 268 nodes and 638 edges,Graph with 268 nodes and 581 edges,Graph with 268 nodes and 638 edges,"[(228, 'Film'), 'delete', (1, 'Film'), (0, 'Film'), (7, 'Character'), (192, 'Species'), (8, 'Species'), 'delete', (228, 'Species'), (189, 'Planet'), (116, 'Film'), (120, 'Film')]","[(2, 3), (2, 4), (2, 2), (2, 3), (2, 4), (2, 6), (2, 3), (2, 6), (2, 5), (2, 3), (2, 3), (2, 3)]",term,userRandom,sw,0,268,"{(8, 'Character'), (0, 'Film'), (95, 'Planet'), (155, 'Species'), (231, 'Starship'), (156, 'Species'), (1, 'Film'), (193, 'Vehicle'), (232, 'Starship'), (7, 'Character'), (94, 'Planet'), (192, 'Vehicle')}","{(8, 'Character'), (0, 'Film'), (116, 'Film'), (192, 'Species'), (231, 'Species'), (1, 'Film'), (7, 'Character'), (120, 'Film')}","{(8, 'Character'), (7, 'Character'), (0, 'Film'), (1, 'Film')}","{(192, 'Species'), (116, 'Film'), (231, 'Species'), (120, 'Film')}","{(95, 'Planet'), (155, 'Species'), (231, 'Starship'), (156, 'Species'), (193, 'Vehicle'), (232, 'Starship'), (94, 'Planet'), (192, 'Vehicle')}",0.5,0.3333333333333333,0.4
84,3,Graph with 268 nodes and 638 edges,Graph with 6 nodes and 10 edges,Graph with 268 nodes and 638 edges,Graph with 268 nodes and 581 edges,Graph with 268 nodes and 638 edges,"[(1, 'Film'), (0, 'Film'), (7, 'Character'), (192, 'Species'), (8, 'Character'), (231, 'Species'), (116, 'Film'), (120, 'Film')]","[(2, 6), (2, 6), (2, 5), (2, 11), (2, 6), (2, 11), (2, 6), (2, 6)]",gree,userGreedy,sw,0,268,"{(8, 'Character'), (0, 'Film'), (95, 'Planet'), (155, 'Species'), (231, 'Starship'), (156, 'Species'), (1, 'Film'), (193, 'Vehicle'), (232, 'Starship'), (7, 'Character'), (94, 'Planet'), (192, 'Vehicle')}","{(8, 'Character'), (0, 'Film'), (116, 'Film'), (192, 'Species'), (231, 'Species'), (1, 'Film'), (7, 'Character'), (120, 'Film')}","{(8, 'Character'), (7, 'Character'), (0, 'Film'), (1, 'Film')}","{(192, 'Species'), (116, 'Film'), (231, 'Species'), (120, 'Film')}","{(95, 'Planet'), (155, 'Species'), (231, 'Starship'), (156, 'Species'), (193, 'Vehicle'), (232, 'Starship'), (94, 'Planet'), (192, 'Vehicle')}",0.5,0.3333333333333333,0.4
85,4,Graph with 268 nodes and 638 edges,Graph with 6 nodes and 10 edges,Graph with 268 nodes and 638 edges,Graph with 268 nodes and 581 edges,Graph with 268 nodes and 638 edges,"[(1, 'Film'), (0, 'Film'), (7, 'Character'), (231, 'Species'), (8, 'Character'), (192, 'Species'), (116, 'Film'), (120, 'Film')]","[(2, 13), (2, 13), (2, 13), (2, 13), (2, 13), (2, 13), (2, 13), (2, 13)]",perm,userGreedy,sw,0,268,"{(8, 'Character'), (0, 'Film'), (95, 'Planet'), (155, 'Species'), (231, 'Starship'), (156, 'Species'), (1, 'Film'), (193, 'Vehicle'), (232, 'Starship'), (7, 'Character'), (94, 'Planet'), (192, 'Vehicle')}","{(8, 'Character'), (0, 'Film'), (116, 'Film'), (192, 'Species'), (231, 'Species'), (1, 'Film'), (7, 'Character'), (120, 'Film')}","{(8, 'Character'), (7, 'Character'), (0, 'Film'), (1, 'Film')}","{(192, 'Species'), (116, 'Film'), (231, 'Species'), (120, 'Film')}","{(95, 'Planet'), (155, 'Species'), (231, 'Starship'), (156, 'Species'), (193, 'Vehicle'), (232, 'Starship'), (94, 'Planet'), (192, 'Vehicle')}",0.5,0.3333333333333333,0.4
86,5,Graph with 268 nodes and 638 edges,Graph with 6 nodes and 10 edges,Graph with 268 nodes and 638 edges,Graph with 268 nodes and 581 edges,Graph with 268 nodes and 638 edges,"[(1, 'Film'), (0, 'Film'), (7, 'Character'), (192, 'Species'), (8, 'Character'), (231, 'Species'), (116, 'Film'), (120, 'Film')]","[(2, 3), (2, 3), (2, 4), (2, 6), (2, 3), (2, 6), (2, 3), (2, 3)]",term,userGreedy,sw,0,268,"{(8, 'Character'), (0, 'Film'), (95, 'Planet'), (155, 'Species'), (231, 'Starship'), (156, 'Species'), (1, 'Film'), (193, 'Vehicle'), (232, 'Starship'), (7, 'Character'), (94, 'Planet'), (192, 'Vehicle')}","{(8, 'Character'), (0, 'Film'), (116, 'Film'), (192, 'Species'), (231, 'Species'), (1, 'Film'), (7, 'Character'), (120, 'Film')}","{(8, 'Character'), (7, 'Character'), (0, 'Film'), (1, 'Film')}","{(192, 'Species'), (116, 'Film'), (231, 'Species'), (120, 'Film')}","{(95, 'Planet'), (155, 'Species'), (231, 'Starship'), (156, 'Species'), (193, 'Vehicle'), (232, 'Starship'), (94, 'Planet'), (192, 'Vehicle')}",0.5,0.3333333333333333,0.4
87,6,Graph with 268 nodes and 638 edges,Graph with 6 nodes and 10 edges,Graph with 268 nodes and 638 edges,Graph with 268 nodes and 581 edges,Graph with 268 nodes and 638 edges,"[(1, 'Film'), (0, 'Film'), (7, 'Character'), (192, 'Vehicle'), (8, 'Character'), (231, 'Starship'), (155, 'Species'), (156, 'Species')]","[(2, 5), (2, 5), (2, 5), (2, 11), (2, 6), (2, 11), (2, 6), (2, 6)]",gree,userOracle,sw,0,268,"{(8, 'Character'), (0, 'Film'), (95, 'Planet'), (155, 'Species'), (231, 'Starship'), (156, 'Species'), (1, 'Film'), (193, 'Vehicle'), (232, 'Starship'), (7, 'Character'), (94, 'Planet'), (192, 'Vehicle')}","{(8, 'Character'), (0, 'Film'), (155, 'Species'), (231, 'Starship'), (156, 'Species'), (1, 'Film'), (7, 'Character'), (192, 'Vehicle')}","{(8, 'Character'), (155, 'Species'), (231, 'Starship'), (156, 'Species'), (1, 'Film'), (7, 'Character'), (0, 'Film'), (192, 'Vehicle')}",set(),"{(193, 'Vehicle'), (95, 'Planet'), (232, 'Starship'), (94, 'Planet')}",1.0,0.6666666666666666,0.8
88,7,Graph with 268 nodes and 638 edges,Graph with 6 nodes and 10 edges,Graph with 268 nodes and 638 edges,Graph with 268 nodes and 581 edges,Graph with 268 nodes and 638 edges,"[(1, 'Film'), (0, 'Film'), (7, 'Character'), (192, 'Vehicle'), (8, 'Character'), (231, 'Starship'), (155, 'Species'), (156, 'Species')]","[(2, 13), (2, 13), (2, 13), (2, 13), (2, 13), (2, 13), (2, 13), (2, 13)]",perm,userOracle,sw,0,268,"{(8, 'Character'), (0, 'Film'), (95, 'Planet'), (155, 'Species'), (231, 'Starship'), (156, 'Species'), (1, 'Film'), (193, 'Vehicle'), (232, 'Starship'), (7, 'Character'), (94, 'Planet'), (192, 'Vehicle')}","{(8, 'Character'), (0, 'Film'), (155, 'Species'), (231, 'Starship'), (156, 'Species'), (1, 'Film'), (7, 'Character'), (192, 'Vehicle')}","{(8, 'Character'), (155, 'Species'), (231, 'Starship'), (156, 'Species'), (1, 'Film'), (7, 'Character'), (0, 'Film'), (192, 'Vehicle')}",set(),"{(193, 'Vehicle'), (95, 'Planet'), (232, 'Starship'), (94, 'Planet')}",1.0,0.6666666666666666,0.8
89,8,Graph with 268 nodes and 638 edges,Graph with 6 nodes and 10 edges,Graph with 268 nodes and 638 edges,Graph with 268 nodes and 581 edges,Graph with 268 nodes and 638 edges,"[(1, 'Film'), (0, 'Film'), (7, 'Character'), (192, 'Vehicle'), (8, 'Character'), (231, 'Starship'), (155, 'Species'), (156, 'Species')]","[(2, 3), (2, 3), (2, 3), (2, 6), (2, 3), (2, 6), (2, 3), (2, 3)]",term,userOracle,sw,0,268,"{(8, 'Character'), (0, 'Film'), (95, 'Planet'), (155, 'Species'), (231, 'Starship'), (156, 'Species'), (1, 'Film'), (193, 'Vehicle'), (232, 'Starship'), (7, 'Character'), (94, 'Planet'), (192, 'Vehicle')}","{(8, 'Character'), (0, 'Film'), (155, 'Species'), (231, 'Starship'), (156, 'Species'), (1, 'Film'), (7, 'Character'), (192, 'Vehicle')}","{(8, 'Character'), (155, 'Species'), (231, 'Starship'), (156, 'Species'), (1, 'Film'), (7, 'Character'), (0, 'Film'), (192, 'Vehicle')}",set(),"{(193, 'Vehicle'), (95, 'Planet'), (232, 'Starship'), (94, 'Planet')}",1.0,0.6666666666666666,0.8
